ID,sample_index,frame_index,time_seconds,accel_label,steer_label,accel_linear,accel_extra,accel_forest,steer_linear,steer_extra,steer_forest
OPEN_001,0,0,0.0,CONSTANT,STRAIGHT,CONSTANT,CONSTANT,CONSTANT,STRAIGHT,STRAIGHT,STRAIGHT
OPEN_001,60,120,6.0,CONSTANT,RIGHT,DECELERATING,CONSTANT,ACCELERATING,RIGHT,STRAIGHT,RIGHT
OPEN_001,120,240,12.0,CONSTANT,LEFT,ACCELERATING,CONSTANT,ACCELERATING,LEFT,LEFT,LEFT
OPEN_001,180,360,18.0,CONSTANT,LEFT,CONSTANT,DECELERATING,CONSTANT,STRAIGHT,STRAIGHT,STRAIGHT
OPEN_001,240,480,24.0,CONSTANT,STRAIGHT,CONSTANT,CONSTANT,CONSTANT,STRAIGHT,STRAIGHT,STRAIGHT
OPEN_001,300,600,30.0,CONSTANT,RIGHT,CONSTANT,CONSTANT,CONSTANT,STRAIGHT,STRAIGHT,STRAIGHT
OPEN_001,360,720,36.0,CONSTANT,STRAIGHT,DECELERATING,ACCELERATING,CONSTANT,STRAIGHT,STRAIGHT,STRAIGHT
OPEN_001,420,840,42.0,CONSTANT,STRAIGHT,ACCELERATING,CONSTANT,ACCELERATING,STRAIGHT,STRAIGHT,STRAIGHT
OPEN_001,480,960,48.0,CONSTANT,STRAIGHT,DECELERATING,DECELERATING,DECELERATING,RIGHT,STRAIGHT,STRAIGHT
OPEN_001,540,1080,54.0,CONSTANT,RIGHT,DECELERATING,CONSTANT,CONSTANT,STRAIGHT,STRAIGHT,RIGHT
OPEN_002,0,0,0.0,CONSTANT,STRAIGHT,CONSTANT,CONSTANT,CONSTANT,STRAIGHT,STRAIGHT,STRAIGHT
OPEN_002,60,120,6.0,CONSTANT,STRAIGHT,CONSTANT,CONSTANT,CONSTANT,STRAIGHT,STRAIGHT,STRAIGHT
OPEN_002,120,240,12.0,CONSTANT,STRAIGHT,CONSTANT,CONSTANT,CONSTANT,LEFT,LEFT,LEFT
OPEN_002,180,360,18.0,CONSTANT,STRAIGHT,DECELERATING,CONSTANT,CONSTANT,RIGHT,STRAIGHT,STRAIGHT
OPEN_002,240,480,24.0,CONSTANT,STRAIGHT,ACCELERATING,ACCELERATING,ACCELERATING,LEFT,STRAIGHT,LEFT
OPEN_002,300,600,30.0,CONSTANT,STRAIGHT,DECELERATING,CONSTANT,DECELERATING,STRAIGHT,STRAIGHT,STRAIGHT
OPEN_002,360,720,36.0,CONSTANT,LEFT,ACCELERATING,ACCELERATING,ACCELERATING,LEFT,LEFT,LEFT
OPEN_002,420,840,42.0,CONSTANT,LEFT,DECELERATING,CONSTANT,CONSTANT,LEFT,LEFT,LEFT
OPEN_002,480,960,48.0,CONSTANT,LEFT,CONSTANT,CONSTANT,CONSTANT,LEFT,LEFT,LEFT
OPEN_002,540,1080,54.0,ACCELERATING,STRAIGHT,ACCELERATING,CONSTANT,CONSTANT,STRAIGHT,STRAIGHT,RIGHT
OPEN_003,0,0,0.0,CONSTANT,STRAIGHT,CONSTANT,CONSTANT,CONSTANT,RIGHT,STRAIGHT,STRAIGHT
OPEN_003,60,120,6.0,DECELERATING,STRAIGHT,ACCELERATING,CONSTANT,CONSTANT,STRAIGHT,STRAIGHT,STRAIGHT
OPEN_003,120,240,12.0,CONSTANT,STRAIGHT,CONSTANT,CONSTANT,CONSTANT,STRAIGHT,STRAIGHT,STRAIGHT
OPEN_003,180,360,18.0,ACCELERATING,STRAIGHT,ACCELERATING,ACCELERATING,ACCELERATING,STRAIGHT,STRAIGHT,STRAIGHT
OPEN_003,240,480,24.0,CONSTANT,STRAIGHT,CONSTANT,CONSTANT,CONSTANT,STRAIGHT,STRAIGHT,STRAIGHT
OPEN_003,300,600,30.0,CONSTANT,STRAIGHT,ACCELERATING,CONSTANT,CONSTANT,STRAIGHT,STRAIGHT,STRAIGHT
OPEN_003,360,720,36.0,DECELERATING,STRAIGHT,CONSTANT,CONSTANT,CONSTANT,RIGHT,STRAIGHT,STRAIGHT
OPEN_003,420,840,42.0,DECELERATING,STRAIGHT,CONSTANT,CONSTANT,CONSTANT,STRAIGHT,STRAIGHT,STRAIGHT
OPEN_003,480,960,48.0,DECELERATING,STRAIGHT,CONSTANT,CONSTANT,CONSTANT,STRAIGHT,STRAIGHT,STRAIGHT
OPEN_003,540,1080,54.0,DECELERATING,STRAIGHT,DECELERATING,DECELERATING,DECELERATING,STRAIGHT,STRAIGHT,STRAIGHT
OPEN_004,0,0,0.0,CONSTANT,STRAIGHT,STOPPED,STOPPED,STOPPED,LEFT,STRAIGHT,STRAIGHT
OPEN_004,60,120,6.0,ACCELERATING,STRAIGHT,ACCELERATING,CONSTANT,CONSTANT,STRAIGHT,STRAIGHT,STRAIGHT
OPEN_004,120,240,12.0,ACCELERATING,STRAIGHT,ACCELERATING,CONSTANT,CONSTANT,STRAIGHT,STRAIGHT,STRAIGHT
OPEN_004,180,360,18.0,CONSTANT,STRAIGHT,DECELERATING,DECELERATING,CONSTANT,STRAIGHT,STRAIGHT,STRAIGHT
OPEN_004,240,480,24.0,DECELERATING,STRAIGHT,DECELERATING,DECELERATING,DECELERATING,STRAIGHT,STRAIGHT,STRAIGHT
OPEN_004,300,600,30.0,CONSTANT,STRAIGHT,CONSTANT,CONSTANT,CONSTANT,LEFT,STRAIGHT,STRAIGHT
OPEN_004,360,720,36.0,DECELERATING,STRAIGHT,DECELERATING,DECELERATING,DECELERATING,STRAIGHT,STRAIGHT,STRAIGHT
OPEN_004,420,840,42.0,DECELERATING,STRAIGHT,STOPPED,STOPPED,STOPPED,LEFT,STRAIGHT,STRAIGHT
OPEN_004,480,960,48.0,STOPPED,STRAIGHT,STOPPED,STOPPED,STOPPED,STRAIGHT,STRAIGHT,STRAIGHT
OPEN_004,540,1080,54.0,STOPPED,STRAIGHT,STOPPED,STOPPED,STOPPED,STRAIGHT,STRAIGHT,STRAIGHT
OPEN_005,0,0,0.0,STOPPED,STRAIGHT,STOPPED,STOPPED,STOPPED,STRAIGHT,STRAIGHT,STRAIGHT
OPEN_005,60,120,6.0,ACCELERATING,STRAIGHT,STOPPED,STOPPED,STOPPED,RIGHT,STRAIGHT,STRAIGHT
OPEN_005,120,240,12.0,ACCELERATING,STRAIGHT,CONSTANT,CONSTANT,CONSTANT,RIGHT,STRAIGHT,STRAIGHT
OPEN_005,180,360,18.0,ACCELERATING,LEFT,DECELERATING,CONSTANT,CONSTANT,STRAIGHT,STRAIGHT,STRAIGHT
OPEN_005,240,480,24.0,ACCELERATING,STRAIGHT,ACCELERATING,ACCELERATING,ACCELERATING,RIGHT,STRAIGHT,STRAIGHT
OPEN_005,300,600,30.0,ACCELERATING,STRAIGHT,ACCELERATING,CONSTANT,CONSTANT,STRAIGHT,STRAIGHT,STRAIGHT
OPEN_005,360,720,36.0,CONSTANT,RIGHT,ACCELERATING,CONSTANT,CONSTANT,RIGHT,STRAIGHT,STRAIGHT
OPEN_005,420,840,42.0,CONSTANT,RIGHT,CONSTANT,CONSTANT,CONSTANT,STRAIGHT,STRAIGHT,STRAIGHT
OPEN_005,480,960,48.0,CONSTANT,STRAIGHT,DECELERATING,CONSTANT,CONSTANT,STRAIGHT,STRAIGHT,STRAIGHT
OPEN_005,540,1080,54.0,CONSTANT,STRAIGHT,DECELERATING,CONSTANT,CONSTANT,STRAIGHT,STRAIGHT,STRAIGHT
