ID,sample_index,accel_label,steer_label
OPEN_001,0,CONSTANT,LEFT
OPEN_001,1,CONSTANT,LEFT
OPEN_001,2,CONSTANT,LEFT
OPEN_001,3,CONSTANT,LEFT
OPEN_001,4,CONSTANT,STRAIGHT
OPEN_001,5,CONSTANT,STRAIGHT
OPEN_001,6,CONSTANT,STRAIGHT
OPEN_001,7,CONSTANT,STRAIGHT
OPEN_001,8,CONSTANT,STRAIGHT
OPEN_001,9,CONSTANT,STRAIGHT
OPEN_001,10,CONSTANT,STRAIGHT
OPEN_001,11,CONSTANT,STRAIGHT
OPEN_001,12,CONSTANT,STRAIGHT
OPEN_001,13,CONSTANT,STRAIGHT
OPEN_001,14,CONSTANT,STRAIGHT
OPEN_001,15,CONSTANT,STRAIGHT
OPEN_001,16,CONSTANT,STRAIGHT
OPEN_001,17,CONSTANT,STRAIGHT
OPEN_001,18,CONSTANT,STRAIGHT
OPEN_001,19,CONSTANT,STRAIGHT
OPEN_001,20,CONSTANT,STRAIGHT
OPEN_001,21,CONSTANT,STRAIGHT
OPEN_001,22,CONSTANT,STRAIGHT
OPEN_001,23,CONSTANT,STRAIGHT
OPEN_001,24,CONSTANT,STRAIGHT
OPEN_001,25,CONSTANT,STRAIGHT
OPEN_001,26,CONSTANT,STRAIGHT
OPEN_001,27,CONSTANT,STRAIGHT
OPEN_001,28,CONSTANT,STRAIGHT
OPEN_001,29,CONSTANT,STRAIGHT
OPEN_001,30,CONSTANT,STRAIGHT
OPEN_001,31,CONSTANT,STRAIGHT
OPEN_001,32,CONSTANT,STRAIGHT
OPEN_001,33,CONSTANT,STRAIGHT
OPEN_001,34,CONSTANT,STRAIGHT
OPEN_001,35,CONSTANT,STRAIGHT
OPEN_001,36,CONSTANT,STRAIGHT
OPEN_001,37,CONSTANT,STRAIGHT
OPEN_001,38,CONSTANT,STRAIGHT
OPEN_001,39,CONSTANT,STRAIGHT
OPEN_001,40,CONSTANT,RIGHT
OPEN_001,41,CONSTANT,RIGHT
OPEN_001,42,CONSTANT,RIGHT
OPEN_001,43,CONSTANT,RIGHT
OPEN_001,44,CONSTANT,RIGHT
OPEN_001,45,CONSTANT,RIGHT
OPEN_001,46,CONSTANT,RIGHT
OPEN_001,47,CONSTANT,RIGHT
OPEN_001,48,CONSTANT,RIGHT
OPEN_001,49,CONSTANT,RIGHT
OPEN_001,50,CONSTANT,RIGHT
OPEN_001,51,CONSTANT,RIGHT
OPEN_001,52,CONSTANT,RIGHT
OPEN_001,53,CONSTANT,RIGHT
OPEN_001,54,DECELERATING,RIGHT
OPEN_001,55,CONSTANT,RIGHT
OPEN_001,56,CONSTANT,RIGHT
OPEN_001,57,CONSTANT,RIGHT
OPEN_001,58,CONSTANT,RIGHT
OPEN_001,59,DECELERATING,RIGHT
OPEN_001,60,CONSTANT,RIGHT
OPEN_001,61,CONSTANT,RIGHT
OPEN_001,62,CONSTANT,RIGHT
OPEN_001,63,DECELERATING,RIGHT
OPEN_001,64,CONSTANT,RIGHT
OPEN_001,65,CONSTANT,RIGHT
OPEN_001,66,CONSTANT,RIGHT
OPEN_001,67,DECELERATING,RIGHT
OPEN_001,68,CONSTANT,RIGHT
OPEN_001,69,CONSTANT,RIGHT
OPEN_001,70,CONSTANT,RIGHT
OPEN_001,71,CONSTANT,RIGHT
OPEN_001,72,CONSTANT,RIGHT
OPEN_001,73,CONSTANT,RIGHT
OPEN_001,74,CONSTANT,RIGHT
OPEN_001,75,CONSTANT,RIGHT
OPEN_001,76,CONSTANT,RIGHT
OPEN_001,77,CONSTANT,STRAIGHT
OPEN_001,78,CONSTANT,STRAIGHT
OPEN_001,79,CONSTANT,STRAIGHT
OPEN_001,80,CONSTANT,STRAIGHT
OPEN_001,81,CONSTANT,STRAIGHT
OPEN_001,82,CONSTANT,STRAIGHT
OPEN_001,83,CONSTANT,STRAIGHT
OPEN_001,84,CONSTANT,STRAIGHT
OPEN_001,85,CONSTANT,STRAIGHT
OPEN_001,86,CONSTANT,STRAIGHT
OPEN_001,87,CONSTANT,STRAIGHT
OPEN_001,88,CONSTANT,STRAIGHT
OPEN_001,89,CONSTANT,STRAIGHT
OPEN_001,90,CONSTANT,STRAIGHT
OPEN_001,91,CONSTANT,STRAIGHT
OPEN_001,92,CONSTANT,STRAIGHT
OPEN_001,93,CONSTANT,STRAIGHT
OPEN_001,94,CONSTANT,STRAIGHT
OPEN_001,95,CONSTANT,STRAIGHT
OPEN_001,96,CONSTANT,STRAIGHT
OPEN_001,97,CONSTANT,STRAIGHT
OPEN_001,98,CONSTANT,STRAIGHT
OPEN_001,99,ACCELERATING,STRAIGHT
OPEN_001,100,CONSTANT,STRAIGHT
OPEN_001,101,CONSTANT,STRAIGHT
OPEN_001,102,CONSTANT,STRAIGHT
OPEN_001,103,CONSTANT,STRAIGHT
OPEN_001,104,ACCELERATING,STRAIGHT
OPEN_001,105,CONSTANT,STRAIGHT
OPEN_001,106,CONSTANT,STRAIGHT
OPEN_001,107,CONSTANT,STRAIGHT
OPEN_001,108,CONSTANT,STRAIGHT
OPEN_001,109,CONSTANT,STRAIGHT
OPEN_001,110,CONSTANT,STRAIGHT
OPEN_001,111,CONSTANT,STRAIGHT
OPEN_001,112,CONSTANT,STRAIGHT
OPEN_001,113,CONSTANT,STRAIGHT
OPEN_001,114,CONSTANT,STRAIGHT
OPEN_001,115,CONSTANT,LEFT
OPEN_001,116,CONSTANT,LEFT
OPEN_001,117,CONSTANT,LEFT
OPEN_001,118,CONSTANT,LEFT
OPEN_001,119,CONSTANT,LEFT
OPEN_001,120,CONSTANT,LEFT
OPEN_001,121,CONSTANT,LEFT
OPEN_001,122,CONSTANT,LEFT
OPEN_001,123,CONSTANT,LEFT
OPEN_001,124,CONSTANT,LEFT
OPEN_001,125,CONSTANT,LEFT
OPEN_001,126,CONSTANT,LEFT
OPEN_001,127,CONSTANT,LEFT
OPEN_001,128,CONSTANT,LEFT
OPEN_001,129,CONSTANT,LEFT
OPEN_001,130,CONSTANT,LEFT
OPEN_001,131,CONSTANT,LEFT
OPEN_001,132,CONSTANT,LEFT
OPEN_001,133,CONSTANT,LEFT
OPEN_001,134,CONSTANT,LEFT
OPEN_001,135,CONSTANT,STRAIGHT
OPEN_001,136,CONSTANT,STRAIGHT
OPEN_001,137,CONSTANT,STRAIGHT
OPEN_001,138,CONSTANT,STRAIGHT
OPEN_001,139,CONSTANT,STRAIGHT
OPEN_001,140,CONSTANT,STRAIGHT
OPEN_001,141,CONSTANT,STRAIGHT
OPEN_001,142,CONSTANT,STRAIGHT
OPEN_001,143,CONSTANT,STRAIGHT
OPEN_001,144,CONSTANT,LEFT
OPEN_001,145,CONSTANT,LEFT
OPEN_001,146,CONSTANT,LEFT
OPEN_001,147,CONSTANT,LEFT
OPEN_001,148,CONSTANT,LEFT
OPEN_001,149,CONSTANT,LEFT
OPEN_001,150,CONSTANT,LEFT
OPEN_001,151,CONSTANT,LEFT
OPEN_001,152,CONSTANT,LEFT
OPEN_001,153,CONSTANT,LEFT
OPEN_001,154,CONSTANT,LEFT
OPEN_001,155,CONSTANT,LEFT
OPEN_001,156,CONSTANT,LEFT
OPEN_001,157,CONSTANT,LEFT
OPEN_001,158,CONSTANT,LEFT
OPEN_001,159,CONSTANT,STRAIGHT
OPEN_001,160,CONSTANT,STRAIGHT
OPEN_001,161,CONSTANT,STRAIGHT
OPEN_001,162,CONSTANT,STRAIGHT
OPEN_001,163,CONSTANT,LEFT
OPEN_001,164,CONSTANT,STRAIGHT
OPEN_001,165,CONSTANT,STRAIGHT
OPEN_001,166,CONSTANT,STRAIGHT
OPEN_001,167,CONSTANT,STRAIGHT
OPEN_001,168,CONSTANT,LEFT
OPEN_001,169,CONSTANT,LEFT
OPEN_001,170,CONSTANT,LEFT
OPEN_001,171,CONSTANT,LEFT
OPEN_001,172,CONSTANT,LEFT
OPEN_001,173,CONSTANT,LEFT
OPEN_001,174,CONSTANT,LEFT
OPEN_001,175,CONSTANT,LEFT
OPEN_001,176,CONSTANT,LEFT
OPEN_001,177,CONSTANT,LEFT
OPEN_001,178,CONSTANT,LEFT
OPEN_001,179,CONSTANT,LEFT
OPEN_001,180,CONSTANT,LEFT
OPEN_001,181,CONSTANT,LEFT
OPEN_001,182,CONSTANT,LEFT
OPEN_001,183,CONSTANT,LEFT
OPEN_001,184,CONSTANT,LEFT
OPEN_001,185,CONSTANT,LEFT
OPEN_001,186,CONSTANT,LEFT
OPEN_001,187,CONSTANT,LEFT
OPEN_001,188,CONSTANT,LEFT
OPEN_001,189,CONSTANT,LEFT
OPEN_001,190,CONSTANT,LEFT
OPEN_001,191,CONSTANT,LEFT
OPEN_001,192,CONSTANT,LEFT
OPEN_001,193,CONSTANT,LEFT
OPEN_001,194,CONSTANT,LEFT
OPEN_001,195,CONSTANT,LEFT
OPEN_001,196,CONSTANT,LEFT
OPEN_001,197,CONSTANT,LEFT
OPEN_001,198,CONSTANT,LEFT
OPEN_001,199,CONSTANT,LEFT
OPEN_001,200,CONSTANT,LEFT
OPEN_001,201,CONSTANT,LEFT
OPEN_001,202,CONSTANT,LEFT
OPEN_001,203,CONSTANT,LEFT
OPEN_001,204,CONSTANT,LEFT
OPEN_001,205,CONSTANT,LEFT
OPEN_001,206,CONSTANT,LEFT
OPEN_001,207,CONSTANT,LEFT
OPEN_001,208,CONSTANT,LEFT
OPEN_001,209,CONSTANT,LEFT
OPEN_001,210,CONSTANT,LEFT
OPEN_001,211,CONSTANT,LEFT
OPEN_001,212,CONSTANT,LEFT
OPEN_001,213,CONSTANT,STRAIGHT
OPEN_001,214,CONSTANT,STRAIGHT
OPEN_001,215,CONSTANT,STRAIGHT
OPEN_001,216,CONSTANT,STRAIGHT
OPEN_001,217,CONSTANT,STRAIGHT
OPEN_001,218,CONSTANT,STRAIGHT
OPEN_001,219,CONSTANT,STRAIGHT
OPEN_001,220,CONSTANT,STRAIGHT
OPEN_001,221,ACCELERATING,STRAIGHT
OPEN_001,222,ACCELERATING,STRAIGHT
OPEN_001,223,ACCELERATING,STRAIGHT
OPEN_001,224,CONSTANT,STRAIGHT
OPEN_001,225,CONSTANT,STRAIGHT
OPEN_001,226,CONSTANT,STRAIGHT
OPEN_001,227,CONSTANT,STRAIGHT
OPEN_001,228,ACCELERATING,STRAIGHT
OPEN_001,229,ACCELERATING,STRAIGHT
OPEN_001,230,ACCELERATING,STRAIGHT
OPEN_001,231,ACCELERATING,STRAIGHT
OPEN_001,232,ACCELERATING,STRAIGHT
OPEN_001,233,ACCELERATING,STRAIGHT
OPEN_001,234,CONSTANT,STRAIGHT
OPEN_001,235,CONSTANT,STRAIGHT
OPEN_001,236,CONSTANT,STRAIGHT
OPEN_001,237,CONSTANT,STRAIGHT
OPEN_001,238,CONSTANT,STRAIGHT
OPEN_001,239,CONSTANT,STRAIGHT
OPEN_001,240,CONSTANT,STRAIGHT
OPEN_001,241,CONSTANT,STRAIGHT
OPEN_001,242,CONSTANT,STRAIGHT
OPEN_001,243,CONSTANT,STRAIGHT
OPEN_001,244,CONSTANT,STRAIGHT
OPEN_001,245,CONSTANT,STRAIGHT
OPEN_001,246,CONSTANT,STRAIGHT
OPEN_001,247,CONSTANT,STRAIGHT
OPEN_001,248,CONSTANT,STRAIGHT
OPEN_001,249,CONSTANT,STRAIGHT
OPEN_001,250,CONSTANT,STRAIGHT
OPEN_001,251,CONSTANT,STRAIGHT
OPEN_001,252,CONSTANT,STRAIGHT
OPEN_001,253,CONSTANT,STRAIGHT
OPEN_001,254,CONSTANT,STRAIGHT
OPEN_001,255,CONSTANT,STRAIGHT
OPEN_001,256,CONSTANT,STRAIGHT
OPEN_001,257,CONSTANT,STRAIGHT
OPEN_001,258,CONSTANT,STRAIGHT
OPEN_001,259,CONSTANT,STRAIGHT
OPEN_001,260,CONSTANT,STRAIGHT
OPEN_001,261,CONSTANT,STRAIGHT
OPEN_001,262,CONSTANT,STRAIGHT
OPEN_001,263,CONSTANT,STRAIGHT
OPEN_001,264,CONSTANT,STRAIGHT
OPEN_001,265,CONSTANT,STRAIGHT
OPEN_001,266,CONSTANT,STRAIGHT
OPEN_001,267,CONSTANT,STRAIGHT
OPEN_001,268,CONSTANT,STRAIGHT
OPEN_001,269,CONSTANT,STRAIGHT
OPEN_001,270,CONSTANT,STRAIGHT
OPEN_001,271,CONSTANT,STRAIGHT
OPEN_001,272,CONSTANT,STRAIGHT
OPEN_001,273,CONSTANT,STRAIGHT
OPEN_001,274,CONSTANT,STRAIGHT
OPEN_001,275,CONSTANT,STRAIGHT
OPEN_001,276,CONSTANT,STRAIGHT
OPEN_001,277,CONSTANT,STRAIGHT
OPEN_001,278,CONSTANT,STRAIGHT
OPEN_001,279,CONSTANT,RIGHT
OPEN_001,280,CONSTANT,RIGHT
OPEN_001,281,CONSTANT,RIGHT
OPEN_001,282,CONSTANT,RIGHT
OPEN_001,283,CONSTANT,RIGHT
OPEN_001,284,CONSTANT,RIGHT
OPEN_001,285,CONSTANT,RIGHT
OPEN_001,286,CONSTANT,RIGHT
OPEN_001,287,CONSTANT,RIGHT
OPEN_001,288,CONSTANT,RIGHT
OPEN_001,289,CONSTANT,RIGHT
OPEN_001,290,CONSTANT,RIGHT
OPEN_001,291,CONSTANT,RIGHT
OPEN_001,292,CONSTANT,RIGHT
OPEN_001,293,CONSTANT,STRAIGHT
OPEN_001,294,CONSTANT,STRAIGHT
OPEN_001,295,CONSTANT,RIGHT
OPEN_001,296,CONSTANT,RIGHT
OPEN_001,297,CONSTANT,RIGHT
OPEN_001,298,CONSTANT,RIGHT
OPEN_001,299,CONSTANT,RIGHT
OPEN_001,300,CONSTANT,RIGHT
OPEN_001,301,CONSTANT,RIGHT
OPEN_001,302,CONSTANT,RIGHT
OPEN_001,303,CONSTANT,RIGHT
OPEN_001,304,CONSTANT,STRAIGHT
OPEN_001,305,CONSTANT,STRAIGHT
OPEN_001,306,CONSTANT,STRAIGHT
OPEN_001,307,CONSTANT,STRAIGHT
OPEN_001,308,CONSTANT,RIGHT
OPEN_001,309,CONSTANT,RIGHT
OPEN_001,310,CONSTANT,STRAIGHT
OPEN_001,311,CONSTANT,STRAIGHT
OPEN_001,312,CONSTANT,STRAIGHT
OPEN_001,313,CONSTANT,STRAIGHT
OPEN_001,314,CONSTANT,STRAIGHT
OPEN_001,315,CONSTANT,STRAIGHT
OPEN_001,316,CONSTANT,STRAIGHT
OPEN_001,317,CONSTANT,STRAIGHT
OPEN_001,318,CONSTANT,STRAIGHT
OPEN_001,319,CONSTANT,STRAIGHT
OPEN_001,320,CONSTANT,STRAIGHT
OPEN_001,321,CONSTANT,STRAIGHT
OPEN_001,322,CONSTANT,STRAIGHT
OPEN_001,323,CONSTANT,RIGHT
OPEN_001,324,CONSTANT,RIGHT
OPEN_001,325,CONSTANT,RIGHT
OPEN_001,326,CONSTANT,RIGHT
OPEN_001,327,CONSTANT,RIGHT
OPEN_001,328,CONSTANT,RIGHT
OPEN_001,329,CONSTANT,RIGHT
OPEN_001,330,CONSTANT,RIGHT
OPEN_001,331,CONSTANT,RIGHT
OPEN_001,332,CONSTANT,RIGHT
OPEN_001,333,CONSTANT,RIGHT
OPEN_001,334,CONSTANT,RIGHT
OPEN_001,335,CONSTANT,RIGHT
OPEN_001,336,CONSTANT,STRAIGHT
OPEN_001,337,CONSTANT,RIGHT
OPEN_001,338,CONSTANT,STRAIGHT
OPEN_001,339,CONSTANT,STRAIGHT
OPEN_001,340,CONSTANT,STRAIGHT
OPEN_001,341,CONSTANT,STRAIGHT
OPEN_001,342,CONSTANT,STRAIGHT
OPEN_001,343,CONSTANT,STRAIGHT
OPEN_001,344,CONSTANT,STRAIGHT
OPEN_001,345,CONSTANT,STRAIGHT
OPEN_001,346,CONSTANT,STRAIGHT
OPEN_001,347,CONSTANT,STRAIGHT
OPEN_001,348,CONSTANT,STRAIGHT
OPEN_001,349,CONSTANT,STRAIGHT
OPEN_001,350,CONSTANT,STRAIGHT
OPEN_001,351,CONSTANT,STRAIGHT
OPEN_001,352,CONSTANT,STRAIGHT
OPEN_001,353,CONSTANT,STRAIGHT
OPEN_001,354,CONSTANT,STRAIGHT
OPEN_001,355,CONSTANT,STRAIGHT
OPEN_001,356,CONSTANT,STRAIGHT
OPEN_001,357,CONSTANT,STRAIGHT
OPEN_001,358,CONSTANT,STRAIGHT
OPEN_001,359,CONSTANT,STRAIGHT
OPEN_001,360,CONSTANT,STRAIGHT
OPEN_001,361,CONSTANT,STRAIGHT
OPEN_001,362,CONSTANT,STRAIGHT
OPEN_001,363,CONSTANT,STRAIGHT
OPEN_001,364,CONSTANT,STRAIGHT
OPEN_001,365,CONSTANT,STRAIGHT
OPEN_001,366,CONSTANT,STRAIGHT
OPEN_001,367,CONSTANT,STRAIGHT
OPEN_001,368,CONSTANT,STRAIGHT
OPEN_001,369,CONSTANT,STRAIGHT
OPEN_001,370,CONSTANT,STRAIGHT
OPEN_001,371,CONSTANT,STRAIGHT
OPEN_001,372,CONSTANT,STRAIGHT
OPEN_001,373,CONSTANT,STRAIGHT
OPEN_001,374,CONSTANT,STRAIGHT
OPEN_001,375,CONSTANT,STRAIGHT
OPEN_001,376,CONSTANT,STRAIGHT
OPEN_001,377,CONSTANT,STRAIGHT
OPEN_001,378,CONSTANT,STRAIGHT
OPEN_001,379,CONSTANT,STRAIGHT
OPEN_001,380,CONSTANT,STRAIGHT
OPEN_001,381,CONSTANT,STRAIGHT
OPEN_001,382,CONSTANT,STRAIGHT
OPEN_001,383,CONSTANT,STRAIGHT
OPEN_001,384,CONSTANT,STRAIGHT
OPEN_001,385,CONSTANT,STRAIGHT
OPEN_001,386,CONSTANT,STRAIGHT
OPEN_001,387,CONSTANT,STRAIGHT
OPEN_001,388,CONSTANT,STRAIGHT
OPEN_001,389,CONSTANT,STRAIGHT
OPEN_001,390,CONSTANT,STRAIGHT
OPEN_001,391,CONSTANT,STRAIGHT
OPEN_001,392,CONSTANT,STRAIGHT
OPEN_001,393,CONSTANT,STRAIGHT
OPEN_001,394,CONSTANT,STRAIGHT
OPEN_001,395,CONSTANT,STRAIGHT
OPEN_001,396,ACCELERATING,STRAIGHT
OPEN_001,397,CONSTANT,STRAIGHT
OPEN_001,398,CONSTANT,STRAIGHT
OPEN_001,399,CONSTANT,STRAIGHT
OPEN_001,400,CONSTANT,STRAIGHT
OPEN_001,401,CONSTANT,STRAIGHT
OPEN_001,402,CONSTANT,STRAIGHT
OPEN_001,403,CONSTANT,STRAIGHT
OPEN_001,404,CONSTANT,STRAIGHT
OPEN_001,405,CONSTANT,STRAIGHT
OPEN_001,406,CONSTANT,STRAIGHT
OPEN_001,407,CONSTANT,STRAIGHT
OPEN_001,408,CONSTANT,STRAIGHT
OPEN_001,409,CONSTANT,STRAIGHT
OPEN_001,410,CONSTANT,STRAIGHT
OPEN_001,411,CONSTANT,STRAIGHT
OPEN_001,412,CONSTANT,LEFT
OPEN_001,413,CONSTANT,LEFT
OPEN_001,414,CONSTANT,LEFT
OPEN_001,415,CONSTANT,LEFT
OPEN_001,416,CONSTANT,LEFT
OPEN_001,417,CONSTANT,LEFT
OPEN_001,418,CONSTANT,LEFT
OPEN_001,419,CONSTANT,LEFT
OPEN_001,420,CONSTANT,STRAIGHT
OPEN_001,421,CONSTANT,STRAIGHT
OPEN_001,422,CONSTANT,STRAIGHT
OPEN_001,423,CONSTANT,STRAIGHT
OPEN_001,424,CONSTANT,STRAIGHT
OPEN_001,425,CONSTANT,STRAIGHT
OPEN_001,426,CONSTANT,STRAIGHT
OPEN_001,427,CONSTANT,STRAIGHT
OPEN_001,428,CONSTANT,STRAIGHT
OPEN_001,429,ACCELERATING,STRAIGHT
OPEN_001,430,CONSTANT,STRAIGHT
OPEN_001,431,ACCELERATING,STRAIGHT
OPEN_001,432,ACCELERATING,STRAIGHT
OPEN_001,433,ACCELERATING,STRAIGHT
OPEN_001,434,ACCELERATING,STRAIGHT
OPEN_001,435,ACCELERATING,STRAIGHT
OPEN_001,436,ACCELERATING,STRAIGHT
OPEN_001,437,ACCELERATING,STRAIGHT
OPEN_001,438,ACCELERATING,STRAIGHT
OPEN_001,439,ACCELERATING,STRAIGHT
OPEN_001,440,ACCELERATING,STRAIGHT
OPEN_001,441,ACCELERATING,STRAIGHT
OPEN_001,442,ACCELERATING,STRAIGHT
OPEN_001,443,ACCELERATING,STRAIGHT
OPEN_001,444,ACCELERATING,STRAIGHT
OPEN_001,445,ACCELERATING,STRAIGHT
OPEN_001,446,ACCELERATING,STRAIGHT
OPEN_001,447,ACCELERATING,STRAIGHT
OPEN_001,448,ACCELERATING,STRAIGHT
OPEN_001,449,ACCELERATING,STRAIGHT
OPEN_001,450,ACCELERATING,STRAIGHT
OPEN_001,451,ACCELERATING,STRAIGHT
OPEN_001,452,CONSTANT,STRAIGHT
OPEN_001,453,CONSTANT,STRAIGHT
OPEN_001,454,CONSTANT,STRAIGHT
OPEN_001,455,CONSTANT,STRAIGHT
OPEN_001,456,CONSTANT,STRAIGHT
OPEN_001,457,CONSTANT,STRAIGHT
OPEN_001,458,CONSTANT,STRAIGHT
OPEN_001,459,CONSTANT,STRAIGHT
OPEN_001,460,CONSTANT,STRAIGHT
OPEN_001,461,CONSTANT,STRAIGHT
OPEN_001,462,CONSTANT,STRAIGHT
OPEN_001,463,CONSTANT,STRAIGHT
OPEN_001,464,CONSTANT,STRAIGHT
OPEN_001,465,CONSTANT,STRAIGHT
OPEN_001,466,CONSTANT,STRAIGHT
OPEN_001,467,CONSTANT,STRAIGHT
OPEN_001,468,CONSTANT,STRAIGHT
OPEN_001,469,CONSTANT,STRAIGHT
OPEN_001,470,CONSTANT,STRAIGHT
OPEN_001,471,CONSTANT,STRAIGHT
OPEN_001,472,CONSTANT,STRAIGHT
OPEN_001,473,CONSTANT,STRAIGHT
OPEN_001,474,CONSTANT,STRAIGHT
OPEN_001,475,CONSTANT,STRAIGHT
OPEN_001,476,CONSTANT,STRAIGHT
OPEN_001,477,CONSTANT,STRAIGHT
OPEN_001,478,CONSTANT,STRAIGHT
OPEN_001,479,CONSTANT,STRAIGHT
OPEN_001,480,CONSTANT,STRAIGHT
OPEN_001,481,CONSTANT,STRAIGHT
OPEN_001,482,CONSTANT,STRAIGHT
OPEN_001,483,CONSTANT,STRAIGHT
OPEN_001,484,CONSTANT,STRAIGHT
OPEN_001,485,CONSTANT,RIGHT
OPEN_001,486,CONSTANT,RIGHT
OPEN_001,487,CONSTANT,RIGHT
OPEN_001,488,CONSTANT,RIGHT
OPEN_001,489,CONSTANT,RIGHT
OPEN_001,490,CONSTANT,RIGHT
OPEN_001,491,CONSTANT,RIGHT
OPEN_001,492,CONSTANT,RIGHT
OPEN_001,493,CONSTANT,RIGHT
OPEN_001,494,ACCELERATING,RIGHT
OPEN_001,495,CONSTANT,RIGHT
OPEN_001,496,CONSTANT,RIGHT
OPEN_001,497,ACCELERATING,RIGHT
OPEN_001,498,CONSTANT,RIGHT
OPEN_001,499,CONSTANT,RIGHT
OPEN_001,500,CONSTANT,RIGHT
OPEN_001,501,CONSTANT,RIGHT
OPEN_001,502,CONSTANT,RIGHT
OPEN_001,503,CONSTANT,RIGHT
OPEN_001,504,CONSTANT,RIGHT
OPEN_001,505,CONSTANT,RIGHT
OPEN_001,506,CONSTANT,RIGHT
OPEN_001,507,CONSTANT,RIGHT
OPEN_001,508,CONSTANT,RIGHT
OPEN_001,509,CONSTANT,RIGHT
OPEN_001,510,CONSTANT,RIGHT
OPEN_001,511,CONSTANT,RIGHT
OPEN_001,512,CONSTANT,RIGHT
OPEN_001,513,CONSTANT,RIGHT
OPEN_001,514,CONSTANT,RIGHT
OPEN_001,515,CONSTANT,RIGHT
OPEN_001,516,CONSTANT,RIGHT
OPEN_001,517,CONSTANT,RIGHT
OPEN_001,518,CONSTANT,RIGHT
OPEN_001,519,CONSTANT,RIGHT
OPEN_001,520,CONSTANT,RIGHT
OPEN_001,521,CONSTANT,RIGHT
OPEN_001,522,CONSTANT,RIGHT
OPEN_001,523,CONSTANT,RIGHT
OPEN_001,524,CONSTANT,RIGHT
OPEN_001,525,CONSTANT,RIGHT
OPEN_001,526,CONSTANT,STRAIGHT
OPEN_001,527,CONSTANT,STRAIGHT
OPEN_001,528,CONSTANT,RIGHT
OPEN_001,529,CONSTANT,RIGHT
OPEN_001,530,CONSTANT,RIGHT
OPEN_001,531,CONSTANT,RIGHT
OPEN_001,532,CONSTANT,STRAIGHT
OPEN_001,533,CONSTANT,STRAIGHT
OPEN_001,534,CONSTANT,STRAIGHT
OPEN_001,535,CONSTANT,RIGHT
OPEN_001,536,CONSTANT,RIGHT
OPEN_001,537,CONSTANT,RIGHT
OPEN_001,538,CONSTANT,RIGHT
OPEN_001,539,CONSTANT,RIGHT
OPEN_001,540,CONSTANT,RIGHT
OPEN_001,541,CONSTANT,RIGHT
OPEN_001,542,CONSTANT,RIGHT
OPEN_001,543,CONSTANT,RIGHT
OPEN_001,544,CONSTANT,RIGHT
OPEN_001,545,CONSTANT,RIGHT
OPEN_001,546,CONSTANT,RIGHT
OPEN_001,547,CONSTANT,RIGHT
OPEN_001,548,CONSTANT,RIGHT
OPEN_001,549,CONSTANT,RIGHT
OPEN_001,550,CONSTANT,RIGHT
OPEN_001,551,CONSTANT,RIGHT
OPEN_001,552,CONSTANT,RIGHT
OPEN_001,553,CONSTANT,RIGHT
OPEN_001,554,CONSTANT,RIGHT
OPEN_001,555,CONSTANT,RIGHT
OPEN_001,556,CONSTANT,RIGHT
OPEN_001,557,CONSTANT,STRAIGHT
OPEN_001,558,CONSTANT,STRAIGHT
OPEN_001,559,CONSTANT,STRAIGHT
OPEN_001,560,CONSTANT,STRAIGHT
OPEN_001,561,CONSTANT,STRAIGHT
OPEN_001,562,CONSTANT,STRAIGHT
OPEN_001,563,CONSTANT,STRAIGHT
OPEN_001,564,CONSTANT,STRAIGHT
OPEN_001,565,CONSTANT,STRAIGHT
OPEN_001,566,CONSTANT,STRAIGHT
OPEN_001,567,CONSTANT,STRAIGHT
OPEN_001,568,CONSTANT,STRAIGHT
OPEN_001,569,CONSTANT,STRAIGHT
OPEN_001,570,CONSTANT,STRAIGHT
OPEN_001,571,CONSTANT,STRAIGHT
OPEN_001,572,CONSTANT,STRAIGHT
OPEN_001,573,CONSTANT,STRAIGHT
OPEN_001,574,CONSTANT,STRAIGHT
OPEN_001,575,CONSTANT,STRAIGHT
OPEN_001,576,CONSTANT,STRAIGHT
OPEN_001,577,CONSTANT,STRAIGHT
OPEN_001,578,CONSTANT,STRAIGHT
OPEN_001,579,CONSTANT,STRAIGHT
OPEN_001,580,CONSTANT,STRAIGHT
OPEN_001,581,CONSTANT,STRAIGHT
OPEN_001,582,CONSTANT,STRAIGHT
OPEN_001,583,CONSTANT,STRAIGHT
OPEN_001,584,CONSTANT,STRAIGHT
OPEN_001,585,CONSTANT,STRAIGHT
OPEN_001,586,CONSTANT,STRAIGHT
OPEN_001,587,CONSTANT,STRAIGHT
OPEN_001,588,CONSTANT,STRAIGHT
OPEN_001,589,CONSTANT,STRAIGHT
OPEN_001,590,CONSTANT,STRAIGHT
OPEN_001,591,CONSTANT,STRAIGHT
OPEN_001,592,CONSTANT,STRAIGHT
OPEN_001,593,CONSTANT,STRAIGHT
OPEN_001,594,CONSTANT,STRAIGHT
OPEN_001,595,CONSTANT,STRAIGHT
OPEN_001,596,CONSTANT,STRAIGHT
OPEN_001,597,CONSTANT,STRAIGHT
OPEN_001,598,CONSTANT,STRAIGHT
OPEN_001,599,CONSTANT,STRAIGHT
OPEN_002,0,CONSTANT,STRAIGHT
OPEN_002,1,CONSTANT,STRAIGHT
OPEN_002,2,CONSTANT,STRAIGHT
OPEN_002,3,CONSTANT,STRAIGHT
OPEN_002,4,CONSTANT,STRAIGHT
OPEN_002,5,CONSTANT,STRAIGHT
OPEN_002,6,CONSTANT,STRAIGHT
OPEN_002,7,CONSTANT,STRAIGHT
OPEN_002,8,CONSTANT,STRAIGHT
OPEN_002,9,CONSTANT,STRAIGHT
OPEN_002,10,CONSTANT,STRAIGHT
OPEN_002,11,CONSTANT,STRAIGHT
OPEN_002,12,CONSTANT,STRAIGHT
OPEN_002,13,CONSTANT,STRAIGHT
OPEN_002,14,CONSTANT,STRAIGHT
OPEN_002,15,CONSTANT,STRAIGHT
OPEN_002,16,CONSTANT,STRAIGHT
OPEN_002,17,CONSTANT,STRAIGHT
OPEN_002,18,CONSTANT,STRAIGHT
OPEN_002,19,CONSTANT,STRAIGHT
OPEN_002,20,CONSTANT,STRAIGHT
OPEN_002,21,CONSTANT,STRAIGHT
OPEN_002,22,CONSTANT,STRAIGHT
OPEN_002,23,CONSTANT,STRAIGHT
OPEN_002,24,CONSTANT,STRAIGHT
OPEN_002,25,CONSTANT,STRAIGHT
OPEN_002,26,CONSTANT,STRAIGHT
OPEN_002,27,CONSTANT,STRAIGHT
OPEN_002,28,CONSTANT,STRAIGHT
OPEN_002,29,CONSTANT,STRAIGHT
OPEN_002,30,CONSTANT,STRAIGHT
OPEN_002,31,CONSTANT,STRAIGHT
OPEN_002,32,CONSTANT,STRAIGHT
OPEN_002,33,CONSTANT,LEFT
OPEN_002,34,CONSTANT,LEFT
OPEN_002,35,CONSTANT,LEFT
OPEN_002,36,CONSTANT,LEFT
OPEN_002,37,CONSTANT,LEFT
OPEN_002,38,CONSTANT,LEFT
OPEN_002,39,CONSTANT,LEFT
OPEN_002,40,CONSTANT,LEFT
OPEN_002,41,CONSTANT,LEFT
OPEN_002,42,CONSTANT,LEFT
OPEN_002,43,CONSTANT,LEFT
OPEN_002,44,CONSTANT,LEFT
OPEN_002,45,CONSTANT,LEFT
OPEN_002,46,CONSTANT,LEFT
OPEN_002,47,CONSTANT,LEFT
OPEN_002,48,CONSTANT,LEFT
OPEN_002,49,CONSTANT,LEFT
OPEN_002,50,CONSTANT,LEFT
OPEN_002,51,CONSTANT,LEFT
OPEN_002,52,CONSTANT,LEFT
OPEN_002,53,CONSTANT,LEFT
OPEN_002,54,CONSTANT,LEFT
OPEN_002,55,CONSTANT,LEFT
OPEN_002,56,CONSTANT,LEFT
OPEN_002,57,CONSTANT,LEFT
OPEN_002,58,CONSTANT,LEFT
OPEN_002,59,CONSTANT,LEFT
OPEN_002,60,CONSTANT,LEFT
OPEN_002,61,CONSTANT,LEFT
OPEN_002,62,CONSTANT,LEFT
OPEN_002,63,CONSTANT,LEFT
OPEN_002,64,CONSTANT,LEFT
OPEN_002,65,CONSTANT,LEFT
OPEN_002,66,CONSTANT,LEFT
OPEN_002,67,CONSTANT,LEFT
OPEN_002,68,CONSTANT,LEFT
OPEN_002,69,CONSTANT,LEFT
OPEN_002,70,CONSTANT,LEFT
OPEN_002,71,CONSTANT,LEFT
OPEN_002,72,CONSTANT,LEFT
OPEN_002,73,CONSTANT,LEFT
OPEN_002,74,CONSTANT,LEFT
OPEN_002,75,CONSTANT,LEFT
OPEN_002,76,CONSTANT,LEFT
OPEN_002,77,CONSTANT,LEFT
OPEN_002,78,CONSTANT,LEFT
OPEN_002,79,CONSTANT,LEFT
OPEN_002,80,CONSTANT,LEFT
OPEN_002,81,CONSTANT,LEFT
OPEN_002,82,CONSTANT,LEFT
OPEN_002,83,CONSTANT,LEFT
OPEN_002,84,CONSTANT,LEFT
OPEN_002,85,CONSTANT,LEFT
OPEN_002,86,CONSTANT,STRAIGHT
OPEN_002,87,CONSTANT,STRAIGHT
OPEN_002,88,CONSTANT,STRAIGHT
OPEN_002,89,CONSTANT,STRAIGHT
OPEN_002,90,CONSTANT,STRAIGHT
OPEN_002,91,CONSTANT,STRAIGHT
OPEN_002,92,CONSTANT,LEFT
OPEN_002,93,CONSTANT,LEFT
OPEN_002,94,CONSTANT,LEFT
OPEN_002,95,CONSTANT,LEFT
OPEN_002,96,CONSTANT,LEFT
OPEN_002,97,CONSTANT,LEFT
OPEN_002,98,CONSTANT,LEFT
OPEN_002,99,CONSTANT,LEFT
OPEN_002,100,CONSTANT,LEFT
OPEN_002,101,CONSTANT,LEFT
OPEN_002,102,CONSTANT,LEFT
OPEN_002,103,CONSTANT,LEFT
OPEN_002,104,CONSTANT,LEFT
OPEN_002,105,CONSTANT,LEFT
OPEN_002,106,CONSTANT,LEFT
OPEN_002,107,CONSTANT,LEFT
OPEN_002,108,CONSTANT,LEFT
OPEN_002,109,CONSTANT,LEFT
OPEN_002,110,CONSTANT,LEFT
OPEN_002,111,CONSTANT,LEFT
OPEN_002,112,CONSTANT,LEFT
OPEN_002,113,CONSTANT,LEFT
OPEN_002,114,CONSTANT,LEFT
OPEN_002,115,CONSTANT,LEFT
OPEN_002,116,CONSTANT,LEFT
OPEN_002,117,CONSTANT,LEFT
OPEN_002,118,CONSTANT,LEFT
OPEN_002,119,CONSTANT,LEFT
OPEN_002,120,CONSTANT,LEFT
OPEN_002,121,CONSTANT,LEFT
OPEN_002,122,CONSTANT,LEFT
OPEN_002,123,CONSTANT,LEFT
OPEN_002,124,CONSTANT,LEFT
OPEN_002,125,CONSTANT,LEFT
OPEN_002,126,CONSTANT,LEFT
OPEN_002,127,CONSTANT,LEFT
OPEN_002,128,CONSTANT,LEFT
OPEN_002,129,CONSTANT,LEFT
OPEN_002,130,CONSTANT,LEFT
OPEN_002,131,ACCELERATING,LEFT
OPEN_002,132,ACCELERATING,LEFT
OPEN_002,133,ACCELERATING,LEFT
OPEN_002,134,ACCELERATING,LEFT
OPEN_002,135,ACCELERATING,LEFT
OPEN_002,136,ACCELERATING,LEFT
OPEN_002,137,ACCELERATING,LEFT
OPEN_002,138,ACCELERATING,LEFT
OPEN_002,139,ACCELERATING,LEFT
OPEN_002,140,ACCELERATING,LEFT
OPEN_002,141,ACCELERATING,LEFT
OPEN_002,142,ACCELERATING,LEFT
OPEN_002,143,ACCELERATING,LEFT
OPEN_002,144,ACCELERATING,LEFT
OPEN_002,145,CONSTANT,LEFT
OPEN_002,146,CONSTANT,LEFT
OPEN_002,147,CONSTANT,LEFT
OPEN_002,148,CONSTANT,LEFT
OPEN_002,149,CONSTANT,LEFT
OPEN_002,150,CONSTANT,LEFT
OPEN_002,151,CONSTANT,LEFT
OPEN_002,152,CONSTANT,LEFT
OPEN_002,153,CONSTANT,LEFT
OPEN_002,154,CONSTANT,STRAIGHT
OPEN_002,155,CONSTANT,LEFT
OPEN_002,156,ACCELERATING,LEFT
OPEN_002,157,ACCELERATING,LEFT
OPEN_002,158,ACCELERATING,LEFT
OPEN_002,159,CONSTANT,LEFT
OPEN_002,160,CONSTANT,LEFT
OPEN_002,161,CONSTANT,LEFT
OPEN_002,162,CONSTANT,LEFT
OPEN_002,163,CONSTANT,LEFT
OPEN_002,164,CONSTANT,LEFT
OPEN_002,165,CONSTANT,LEFT
OPEN_002,166,CONSTANT,LEFT
OPEN_002,167,CONSTANT,LEFT
OPEN_002,168,CONSTANT,LEFT
OPEN_002,169,CONSTANT,LEFT
OPEN_002,170,CONSTANT,LEFT
OPEN_002,171,CONSTANT,LEFT
OPEN_002,172,CONSTANT,LEFT
OPEN_002,173,CONSTANT,STRAIGHT
OPEN_002,174,CONSTANT,STRAIGHT
OPEN_002,175,CONSTANT,STRAIGHT
OPEN_002,176,CONSTANT,STRAIGHT
OPEN_002,177,CONSTANT,STRAIGHT
OPEN_002,178,CONSTANT,STRAIGHT
OPEN_002,179,CONSTANT,STRAIGHT
OPEN_002,180,CONSTANT,STRAIGHT
OPEN_002,181,CONSTANT,STRAIGHT
OPEN_002,182,CONSTANT,STRAIGHT
OPEN_002,183,CONSTANT,STRAIGHT
OPEN_002,184,CONSTANT,STRAIGHT
OPEN_002,185,CONSTANT,STRAIGHT
OPEN_002,186,CONSTANT,STRAIGHT
OPEN_002,187,CONSTANT,STRAIGHT
OPEN_002,188,CONSTANT,STRAIGHT
OPEN_002,189,CONSTANT,STRAIGHT
OPEN_002,190,CONSTANT,STRAIGHT
OPEN_002,191,CONSTANT,STRAIGHT
OPEN_002,192,CONSTANT,STRAIGHT
OPEN_002,193,CONSTANT,STRAIGHT
OPEN_002,194,CONSTANT,STRAIGHT
OPEN_002,195,CONSTANT,STRAIGHT
OPEN_002,196,CONSTANT,STRAIGHT
OPEN_002,197,CONSTANT,STRAIGHT
OPEN_002,198,CONSTANT,STRAIGHT
OPEN_002,199,CONSTANT,STRAIGHT
OPEN_002,200,CONSTANT,STRAIGHT
OPEN_002,201,CONSTANT,STRAIGHT
OPEN_002,202,CONSTANT,STRAIGHT
OPEN_002,203,CONSTANT,STRAIGHT
OPEN_002,204,CONSTANT,STRAIGHT
OPEN_002,205,CONSTANT,STRAIGHT
OPEN_002,206,DECELERATING,STRAIGHT
OPEN_002,207,DECELERATING,STRAIGHT
OPEN_002,208,DECELERATING,STRAIGHT
OPEN_002,209,DECELERATING,STRAIGHT
OPEN_002,210,DECELERATING,STRAIGHT
OPEN_002,211,DECELERATING,STRAIGHT
OPEN_002,212,DECELERATING,RIGHT
OPEN_002,213,DECELERATING,STRAIGHT
OPEN_002,214,DECELERATING,RIGHT
OPEN_002,215,ACCELERATING,RIGHT
OPEN_002,216,DECELERATING,RIGHT
OPEN_002,217,ACCELERATING,STRAIGHT
OPEN_002,218,ACCELERATING,STRAIGHT
OPEN_002,219,ACCELERATING,STRAIGHT
OPEN_002,220,ACCELERATING,STRAIGHT
OPEN_002,221,ACCELERATING,STRAIGHT
OPEN_002,222,ACCELERATING,STRAIGHT
OPEN_002,223,ACCELERATING,STRAIGHT
OPEN_002,224,ACCELERATING,STRAIGHT
OPEN_002,225,ACCELERATING,STRAIGHT
OPEN_002,226,ACCELERATING,STRAIGHT
OPEN_002,227,ACCELERATING,STRAIGHT
OPEN_002,228,ACCELERATING,STRAIGHT
OPEN_002,229,ACCELERATING,STRAIGHT
OPEN_002,230,ACCELERATING,STRAIGHT
OPEN_002,231,ACCELERATING,STRAIGHT
OPEN_002,232,ACCELERATING,STRAIGHT
OPEN_002,233,ACCELERATING,STRAIGHT
OPEN_002,234,ACCELERATING,STRAIGHT
OPEN_002,235,ACCELERATING,STRAIGHT
OPEN_002,236,ACCELERATING,STRAIGHT
OPEN_002,237,ACCELERATING,LEFT
OPEN_002,238,ACCELERATING,LEFT
OPEN_002,239,ACCELERATING,LEFT
OPEN_002,240,ACCELERATING,LEFT
OPEN_002,241,ACCELERATING,LEFT
OPEN_002,242,ACCELERATING,STRAIGHT
OPEN_002,243,CONSTANT,STRAIGHT
OPEN_002,244,CONSTANT,STRAIGHT
OPEN_002,245,CONSTANT,STRAIGHT
OPEN_002,246,CONSTANT,STRAIGHT
OPEN_002,247,CONSTANT,STRAIGHT
OPEN_002,248,CONSTANT,LEFT
OPEN_002,249,CONSTANT,LEFT
OPEN_002,250,CONSTANT,LEFT
OPEN_002,251,CONSTANT,STRAIGHT
OPEN_002,252,DECELERATING,LEFT
OPEN_002,253,DECELERATING,LEFT
OPEN_002,254,DECELERATING,LEFT
OPEN_002,255,DECELERATING,STRAIGHT
OPEN_002,256,DECELERATING,STRAIGHT
OPEN_002,257,DECELERATING,STRAIGHT
OPEN_002,258,DECELERATING,STRAIGHT
OPEN_002,259,DECELERATING,STRAIGHT
OPEN_002,260,DECELERATING,STRAIGHT
OPEN_002,261,CONSTANT,STRAIGHT
OPEN_002,262,CONSTANT,STRAIGHT
OPEN_002,263,CONSTANT,STRAIGHT
OPEN_002,264,CONSTANT,STRAIGHT
OPEN_002,265,CONSTANT,STRAIGHT
OPEN_002,266,CONSTANT,STRAIGHT
OPEN_002,267,CONSTANT,STRAIGHT
OPEN_002,268,CONSTANT,STRAIGHT
OPEN_002,269,CONSTANT,STRAIGHT
OPEN_002,270,CONSTANT,STRAIGHT
OPEN_002,271,CONSTANT,STRAIGHT
OPEN_002,272,CONSTANT,STRAIGHT
OPEN_002,273,CONSTANT,STRAIGHT
OPEN_002,274,CONSTANT,STRAIGHT
OPEN_002,275,ACCELERATING,STRAIGHT
OPEN_002,276,ACCELERATING,STRAIGHT
OPEN_002,277,ACCELERATING,STRAIGHT
OPEN_002,278,CONSTANT,STRAIGHT
OPEN_002,279,CONSTANT,STRAIGHT
OPEN_002,280,CONSTANT,STRAIGHT
OPEN_002,281,CONSTANT,STRAIGHT
OPEN_002,282,CONSTANT,STRAIGHT
OPEN_002,283,CONSTANT,STRAIGHT
OPEN_002,284,CONSTANT,STRAIGHT
OPEN_002,285,CONSTANT,STRAIGHT
OPEN_002,286,CONSTANT,STRAIGHT
OPEN_002,287,CONSTANT,STRAIGHT
OPEN_002,288,CONSTANT,STRAIGHT
OPEN_002,289,CONSTANT,STRAIGHT
OPEN_002,290,CONSTANT,STRAIGHT
OPEN_002,291,CONSTANT,STRAIGHT
OPEN_002,292,CONSTANT,STRAIGHT
OPEN_002,293,DECELERATING,STRAIGHT
OPEN_002,294,DECELERATING,STRAIGHT
OPEN_002,295,DECELERATING,STRAIGHT
OPEN_002,296,DECELERATING,STRAIGHT
OPEN_002,297,DECELERATING,STRAIGHT
OPEN_002,298,DECELERATING,STRAIGHT
OPEN_002,299,CONSTANT,STRAIGHT
OPEN_002,300,DECELERATING,STRAIGHT
OPEN_002,301,CONSTANT,STRAIGHT
OPEN_002,302,CONSTANT,STRAIGHT
OPEN_002,303,CONSTANT,STRAIGHT
OPEN_002,304,CONSTANT,STRAIGHT
OPEN_002,305,CONSTANT,STRAIGHT
OPEN_002,306,CONSTANT,RIGHT
OPEN_002,307,CONSTANT,STRAIGHT
OPEN_002,308,CONSTANT,STRAIGHT
OPEN_002,309,CONSTANT,RIGHT
OPEN_002,310,CONSTANT,STRAIGHT
OPEN_002,311,CONSTANT,STRAIGHT
OPEN_002,312,CONSTANT,STRAIGHT
OPEN_002,313,CONSTANT,STRAIGHT
OPEN_002,314,CONSTANT,STRAIGHT
OPEN_002,315,CONSTANT,STRAIGHT
OPEN_002,316,CONSTANT,STRAIGHT
OPEN_002,317,CONSTANT,STRAIGHT
OPEN_002,318,CONSTANT,STRAIGHT
OPEN_002,319,CONSTANT,STRAIGHT
OPEN_002,320,CONSTANT,STRAIGHT
OPEN_002,321,CONSTANT,STRAIGHT
OPEN_002,322,CONSTANT,STRAIGHT
OPEN_002,323,CONSTANT,STRAIGHT
OPEN_002,324,CONSTANT,STRAIGHT
OPEN_002,325,CONSTANT,STRAIGHT
OPEN_002,326,CONSTANT,STRAIGHT
OPEN_002,327,CONSTANT,STRAIGHT
OPEN_002,328,CONSTANT,STRAIGHT
OPEN_002,329,CONSTANT,STRAIGHT
OPEN_002,330,CONSTANT,STRAIGHT
OPEN_002,331,CONSTANT,STRAIGHT
OPEN_002,332,CONSTANT,STRAIGHT
OPEN_002,333,CONSTANT,STRAIGHT
OPEN_002,334,CONSTANT,LEFT
OPEN_002,335,CONSTANT,STRAIGHT
OPEN_002,336,CONSTANT,STRAIGHT
OPEN_002,337,CONSTANT,STRAIGHT
OPEN_002,338,CONSTANT,STRAIGHT
OPEN_002,339,CONSTANT,STRAIGHT
OPEN_002,340,CONSTANT,STRAIGHT
OPEN_002,341,CONSTANT,STRAIGHT
OPEN_002,342,CONSTANT,STRAIGHT
OPEN_002,343,CONSTANT,LEFT
OPEN_002,344,CONSTANT,LEFT
OPEN_002,345,CONSTANT,LEFT
OPEN_002,346,CONSTANT,LEFT
OPEN_002,347,CONSTANT,LEFT
OPEN_002,348,CONSTANT,LEFT
OPEN_002,349,CONSTANT,LEFT
OPEN_002,350,CONSTANT,LEFT
OPEN_002,351,CONSTANT,LEFT
OPEN_002,352,CONSTANT,LEFT
OPEN_002,353,CONSTANT,LEFT
OPEN_002,354,CONSTANT,LEFT
OPEN_002,355,CONSTANT,LEFT
OPEN_002,356,CONSTANT,LEFT
OPEN_002,357,CONSTANT,LEFT
OPEN_002,358,CONSTANT,LEFT
OPEN_002,359,CONSTANT,LEFT
OPEN_002,360,CONSTANT,LEFT
OPEN_002,361,CONSTANT,LEFT
OPEN_002,362,CONSTANT,LEFT
OPEN_002,363,CONSTANT,LEFT
OPEN_002,364,CONSTANT,LEFT
OPEN_002,365,CONSTANT,LEFT
OPEN_002,366,CONSTANT,LEFT
OPEN_002,367,CONSTANT,LEFT
OPEN_002,368,CONSTANT,LEFT
OPEN_002,369,CONSTANT,LEFT
OPEN_002,370,CONSTANT,LEFT
OPEN_002,371,CONSTANT,LEFT
OPEN_002,372,CONSTANT,LEFT
OPEN_002,373,CONSTANT,LEFT
OPEN_002,374,CONSTANT,LEFT
OPEN_002,375,CONSTANT,LEFT
OPEN_002,376,CONSTANT,LEFT
OPEN_002,377,CONSTANT,LEFT
OPEN_002,378,CONSTANT,LEFT
OPEN_002,379,CONSTANT,LEFT
OPEN_002,380,CONSTANT,LEFT
OPEN_002,381,CONSTANT,LEFT
OPEN_002,382,CONSTANT,LEFT
OPEN_002,383,CONSTANT,LEFT
OPEN_002,384,CONSTANT,LEFT
OPEN_002,385,CONSTANT,LEFT
OPEN_002,386,CONSTANT,LEFT
OPEN_002,387,CONSTANT,LEFT
OPEN_002,388,CONSTANT,STRAIGHT
OPEN_002,389,CONSTANT,STRAIGHT
OPEN_002,390,CONSTANT,STRAIGHT
OPEN_002,391,CONSTANT,STRAIGHT
OPEN_002,392,CONSTANT,STRAIGHT
OPEN_002,393,CONSTANT,STRAIGHT
OPEN_002,394,CONSTANT,STRAIGHT
OPEN_002,395,CONSTANT,STRAIGHT
OPEN_002,396,CONSTANT,STRAIGHT
OPEN_002,397,CONSTANT,STRAIGHT
OPEN_002,398,CONSTANT,LEFT
OPEN_002,399,CONSTANT,LEFT
OPEN_002,400,CONSTANT,LEFT
OPEN_002,401,CONSTANT,LEFT
OPEN_002,402,CONSTANT,LEFT
OPEN_002,403,CONSTANT,LEFT
OPEN_002,404,CONSTANT,LEFT
OPEN_002,405,CONSTANT,LEFT
OPEN_002,406,CONSTANT,LEFT
OPEN_002,407,CONSTANT,LEFT
OPEN_002,408,CONSTANT,LEFT
OPEN_002,409,CONSTANT,LEFT
OPEN_002,410,CONSTANT,LEFT
OPEN_002,411,CONSTANT,LEFT
OPEN_002,412,CONSTANT,LEFT
OPEN_002,413,CONSTANT,LEFT
OPEN_002,414,CONSTANT,LEFT
OPEN_002,415,CONSTANT,LEFT
OPEN_002,416,CONSTANT,LEFT
OPEN_002,417,CONSTANT,LEFT
OPEN_002,418,CONSTANT,LEFT
OPEN_002,419,CONSTANT,LEFT
OPEN_002,420,CONSTANT,LEFT
OPEN_002,421,CONSTANT,LEFT
OPEN_002,422,CONSTANT,LEFT
OPEN_002,423,CONSTANT,LEFT
OPEN_002,424,CONSTANT,LEFT
OPEN_002,425,CONSTANT,LEFT
OPEN_002,426,CONSTANT,LEFT
OPEN_002,427,CONSTANT,LEFT
OPEN_002,428,CONSTANT,LEFT
OPEN_002,429,CONSTANT,LEFT
OPEN_002,430,CONSTANT,LEFT
OPEN_002,431,CONSTANT,LEFT
OPEN_002,432,CONSTANT,LEFT
OPEN_002,433,CONSTANT,LEFT
OPEN_002,434,CONSTANT,LEFT
OPEN_002,435,CONSTANT,LEFT
OPEN_002,436,CONSTANT,LEFT
OPEN_002,437,CONSTANT,LEFT
OPEN_002,438,CONSTANT,LEFT
OPEN_002,439,CONSTANT,LEFT
OPEN_002,440,CONSTANT,LEFT
OPEN_002,441,CONSTANT,LEFT
OPEN_002,442,CONSTANT,LEFT
OPEN_002,443,CONSTANT,LEFT
OPEN_002,444,CONSTANT,LEFT
OPEN_002,445,CONSTANT,LEFT
OPEN_002,446,CONSTANT,LEFT
OPEN_002,447,CONSTANT,LEFT
OPEN_002,448,CONSTANT,LEFT
OPEN_002,449,CONSTANT,LEFT
OPEN_002,450,CONSTANT,LEFT
OPEN_002,451,CONSTANT,LEFT
OPEN_002,452,CONSTANT,LEFT
OPEN_002,453,CONSTANT,LEFT
OPEN_002,454,CONSTANT,LEFT
OPEN_002,455,CONSTANT,LEFT
OPEN_002,456,CONSTANT,LEFT
OPEN_002,457,CONSTANT,LEFT
OPEN_002,458,CONSTANT,LEFT
OPEN_002,459,CONSTANT,LEFT
OPEN_002,460,CONSTANT,LEFT
OPEN_002,461,CONSTANT,LEFT
OPEN_002,462,CONSTANT,LEFT
OPEN_002,463,CONSTANT,LEFT
OPEN_002,464,CONSTANT,LEFT
OPEN_002,465,CONSTANT,LEFT
OPEN_002,466,CONSTANT,LEFT
OPEN_002,467,CONSTANT,LEFT
OPEN_002,468,CONSTANT,LEFT
OPEN_002,469,CONSTANT,LEFT
OPEN_002,470,CONSTANT,LEFT
OPEN_002,471,CONSTANT,LEFT
OPEN_002,472,CONSTANT,LEFT
OPEN_002,473,CONSTANT,LEFT
OPEN_002,474,CONSTANT,LEFT
OPEN_002,475,CONSTANT,LEFT
OPEN_002,476,CONSTANT,LEFT
OPEN_002,477,CONSTANT,LEFT
OPEN_002,478,CONSTANT,LEFT
OPEN_002,479,CONSTANT,LEFT
OPEN_002,480,CONSTANT,LEFT
OPEN_002,481,CONSTANT,LEFT
OPEN_002,482,CONSTANT,LEFT
OPEN_002,483,CONSTANT,LEFT
OPEN_002,484,CONSTANT,LEFT
OPEN_002,485,CONSTANT,LEFT
OPEN_002,486,CONSTANT,LEFT
OPEN_002,487,CONSTANT,LEFT
OPEN_002,488,CONSTANT,LEFT
OPEN_002,489,CONSTANT,LEFT
OPEN_002,490,CONSTANT,LEFT
OPEN_002,491,CONSTANT,LEFT
OPEN_002,492,CONSTANT,LEFT
OPEN_002,493,CONSTANT,STRAIGHT
OPEN_002,494,CONSTANT,STRAIGHT
OPEN_002,495,CONSTANT,STRAIGHT
OPEN_002,496,CONSTANT,STRAIGHT
OPEN_002,497,CONSTANT,STRAIGHT
OPEN_002,498,CONSTANT,STRAIGHT
OPEN_002,499,CONSTANT,RIGHT
OPEN_002,500,CONSTANT,RIGHT
OPEN_002,501,CONSTANT,RIGHT
OPEN_002,502,CONSTANT,RIGHT
OPEN_002,503,CONSTANT,RIGHT
OPEN_002,504,CONSTANT,RIGHT
OPEN_002,505,CONSTANT,STRAIGHT
OPEN_002,506,CONSTANT,STRAIGHT
OPEN_002,507,CONSTANT,STRAIGHT
OPEN_002,508,CONSTANT,STRAIGHT
OPEN_002,509,CONSTANT,STRAIGHT
OPEN_002,510,CONSTANT,STRAIGHT
OPEN_002,511,CONSTANT,STRAIGHT
OPEN_002,512,CONSTANT,STRAIGHT
OPEN_002,513,CONSTANT,STRAIGHT
OPEN_002,514,CONSTANT,STRAIGHT
OPEN_002,515,CONSTANT,STRAIGHT
OPEN_002,516,CONSTANT,STRAIGHT
OPEN_002,517,CONSTANT,STRAIGHT
OPEN_002,518,CONSTANT,STRAIGHT
OPEN_002,519,CONSTANT,STRAIGHT
OPEN_002,520,CONSTANT,STRAIGHT
OPEN_002,521,CONSTANT,STRAIGHT
OPEN_002,522,CONSTANT,STRAIGHT
OPEN_002,523,CONSTANT,STRAIGHT
OPEN_002,524,CONSTANT,STRAIGHT
OPEN_002,525,CONSTANT,STRAIGHT
OPEN_002,526,CONSTANT,STRAIGHT
OPEN_002,527,CONSTANT,STRAIGHT
OPEN_002,528,CONSTANT,STRAIGHT
OPEN_002,529,CONSTANT,RIGHT
OPEN_002,530,CONSTANT,RIGHT
OPEN_002,531,CONSTANT,RIGHT
OPEN_002,532,CONSTANT,RIGHT
OPEN_002,533,CONSTANT,RIGHT
OPEN_002,534,CONSTANT,RIGHT
OPEN_002,535,CONSTANT,RIGHT
OPEN_002,536,CONSTANT,RIGHT
OPEN_002,537,CONSTANT,RIGHT
OPEN_002,538,CONSTANT,RIGHT
OPEN_002,539,ACCELERATING,RIGHT
OPEN_002,540,CONSTANT,RIGHT
OPEN_002,541,CONSTANT,RIGHT
OPEN_002,542,CONSTANT,RIGHT
OPEN_002,543,CONSTANT,RIGHT
OPEN_002,544,CONSTANT,RIGHT
OPEN_002,545,CONSTANT,RIGHT
OPEN_002,546,CONSTANT,RIGHT
OPEN_002,547,CONSTANT,RIGHT
OPEN_002,548,CONSTANT,RIGHT
OPEN_002,549,CONSTANT,RIGHT
OPEN_002,550,CONSTANT,RIGHT
OPEN_002,551,CONSTANT,RIGHT
OPEN_002,552,CONSTANT,RIGHT
OPEN_002,553,CONSTANT,RIGHT
OPEN_002,554,CONSTANT,RIGHT
OPEN_002,555,CONSTANT,RIGHT
OPEN_002,556,CONSTANT,RIGHT
OPEN_002,557,CONSTANT,RIGHT
OPEN_002,558,CONSTANT,RIGHT
OPEN_002,559,CONSTANT,RIGHT
OPEN_002,560,CONSTANT,RIGHT
OPEN_002,561,CONSTANT,RIGHT
OPEN_002,562,CONSTANT,RIGHT
OPEN_002,563,CONSTANT,RIGHT
OPEN_002,564,CONSTANT,RIGHT
OPEN_002,565,CONSTANT,RIGHT
OPEN_002,566,CONSTANT,RIGHT
OPEN_002,567,CONSTANT,RIGHT
OPEN_002,568,CONSTANT,RIGHT
OPEN_002,569,CONSTANT,RIGHT
OPEN_002,570,CONSTANT,RIGHT
OPEN_002,571,CONSTANT,RIGHT
OPEN_002,572,CONSTANT,RIGHT
OPEN_002,573,CONSTANT,RIGHT
OPEN_002,574,CONSTANT,RIGHT
OPEN_002,575,CONSTANT,STRAIGHT
OPEN_002,576,CONSTANT,STRAIGHT
OPEN_002,577,CONSTANT,STRAIGHT
OPEN_002,578,CONSTANT,STRAIGHT
OPEN_002,579,CONSTANT,STRAIGHT
OPEN_002,580,CONSTANT,STRAIGHT
OPEN_002,581,CONSTANT,STRAIGHT
OPEN_002,582,CONSTANT,STRAIGHT
OPEN_002,583,CONSTANT,STRAIGHT
OPEN_002,584,CONSTANT,STRAIGHT
OPEN_002,585,CONSTANT,STRAIGHT
OPEN_002,586,CONSTANT,STRAIGHT
OPEN_002,587,CONSTANT,STRAIGHT
OPEN_002,588,CONSTANT,STRAIGHT
OPEN_002,589,CONSTANT,STRAIGHT
OPEN_002,590,CONSTANT,STRAIGHT
OPEN_002,591,CONSTANT,STRAIGHT
OPEN_002,592,CONSTANT,STRAIGHT
OPEN_002,593,CONSTANT,STRAIGHT
OPEN_002,594,CONSTANT,STRAIGHT
OPEN_002,595,CONSTANT,STRAIGHT
OPEN_002,596,CONSTANT,STRAIGHT
OPEN_002,597,CONSTANT,STRAIGHT
OPEN_002,598,CONSTANT,STRAIGHT
OPEN_002,599,CONSTANT,STRAIGHT
OPEN_002,600,CONSTANT,STRAIGHT
OPEN_003,0,CONSTANT,STRAIGHT
OPEN_003,1,CONSTANT,STRAIGHT
OPEN_003,2,CONSTANT,STRAIGHT
OPEN_003,3,DECELERATING,STRAIGHT
OPEN_003,4,CONSTANT,STRAIGHT
OPEN_003,5,CONSTANT,STRAIGHT
OPEN_003,6,CONSTANT,STRAIGHT
OPEN_003,7,CONSTANT,STRAIGHT
OPEN_003,8,DECELERATING,STRAIGHT
OPEN_003,9,CONSTANT,STRAIGHT
OPEN_003,10,CONSTANT,STRAIGHT
OPEN_003,11,CONSTANT,STRAIGHT
OPEN_003,12,CONSTANT,STRAIGHT
OPEN_003,13,CONSTANT,STRAIGHT
OPEN_003,14,CONSTANT,STRAIGHT
OPEN_003,15,CONSTANT,STRAIGHT
OPEN_003,16,CONSTANT,STRAIGHT
OPEN_003,17,CONSTANT,STRAIGHT
OPEN_003,18,CONSTANT,STRAIGHT
OPEN_003,19,CONSTANT,STRAIGHT
OPEN_003,20,CONSTANT,STRAIGHT
OPEN_003,21,CONSTANT,STRAIGHT
OPEN_003,22,ACCELERATING,STRAIGHT
OPEN_003,23,ACCELERATING,STRAIGHT
OPEN_003,24,ACCELERATING,STRAIGHT
OPEN_003,25,ACCELERATING,STRAIGHT
OPEN_003,26,ACCELERATING,STRAIGHT
OPEN_003,27,ACCELERATING,STRAIGHT
OPEN_003,28,CONSTANT,STRAIGHT
OPEN_003,29,CONSTANT,STRAIGHT
OPEN_003,30,CONSTANT,STRAIGHT
OPEN_003,31,ACCELERATING,STRAIGHT
OPEN_003,32,ACCELERATING,STRAIGHT
OPEN_003,33,ACCELERATING,STRAIGHT
OPEN_003,34,ACCELERATING,STRAIGHT
OPEN_003,35,ACCELERATING,STRAIGHT
OPEN_003,36,ACCELERATING,STRAIGHT
OPEN_003,37,ACCELERATING,STRAIGHT
OPEN_003,38,CONSTANT,STRAIGHT
OPEN_003,39,CONSTANT,STRAIGHT
OPEN_003,40,ACCELERATING,STRAIGHT
OPEN_003,41,ACCELERATING,STRAIGHT
OPEN_003,42,ACCELERATING,STRAIGHT
OPEN_003,43,ACCELERATING,STRAIGHT
OPEN_003,44,ACCELERATING,STRAIGHT
OPEN_003,45,ACCELERATING,STRAIGHT
OPEN_003,46,ACCELERATING,STRAIGHT
OPEN_003,47,ACCELERATING,STRAIGHT
OPEN_003,48,ACCELERATING,STRAIGHT
OPEN_003,49,ACCELERATING,STRAIGHT
OPEN_003,50,ACCELERATING,STRAIGHT
OPEN_003,51,ACCELERATING,STRAIGHT
OPEN_003,52,ACCELERATING,STRAIGHT
OPEN_003,53,ACCELERATING,STRAIGHT
OPEN_003,54,ACCELERATING,STRAIGHT
OPEN_003,55,DECELERATING,STRAIGHT
OPEN_003,56,ACCELERATING,STRAIGHT
OPEN_003,57,ACCELERATING,STRAIGHT
OPEN_003,58,ACCELERATING,STRAIGHT
OPEN_003,59,DECELERATING,STRAIGHT
OPEN_003,60,DECELERATING,STRAIGHT
OPEN_003,61,DECELERATING,STRAIGHT
OPEN_003,62,DECELERATING,STRAIGHT
OPEN_003,63,DECELERATING,STRAIGHT
OPEN_003,64,DECELERATING,STRAIGHT
OPEN_003,65,DECELERATING,STRAIGHT
OPEN_003,66,DECELERATING,STRAIGHT
OPEN_003,67,DECELERATING,STRAIGHT
OPEN_003,68,DECELERATING,STRAIGHT
OPEN_003,69,DECELERATING,STRAIGHT
OPEN_003,70,DECELERATING,STRAIGHT
OPEN_003,71,DECELERATING,STRAIGHT
OPEN_003,72,ACCELERATING,STRAIGHT
OPEN_003,73,DECELERATING,STRAIGHT
OPEN_003,74,DECELERATING,STRAIGHT
OPEN_003,75,CONSTANT,STRAIGHT
OPEN_003,76,ACCELERATING,STRAIGHT
OPEN_003,77,ACCELERATING,STRAIGHT
OPEN_003,78,ACCELERATING,STRAIGHT
OPEN_003,79,ACCELERATING,STRAIGHT
OPEN_003,80,ACCELERATING,STRAIGHT
OPEN_003,81,CONSTANT,STRAIGHT
OPEN_003,82,CONSTANT,STRAIGHT
OPEN_003,83,CONSTANT,STRAIGHT
OPEN_003,84,CONSTANT,STRAIGHT
OPEN_003,85,ACCELERATING,STRAIGHT
OPEN_003,86,ACCELERATING,STRAIGHT
OPEN_003,87,CONSTANT,STRAIGHT
OPEN_003,88,CONSTANT,STRAIGHT
OPEN_003,89,CONSTANT,STRAIGHT
OPEN_003,90,ACCELERATING,STRAIGHT
OPEN_003,91,ACCELERATING,STRAIGHT
OPEN_003,92,ACCELERATING,STRAIGHT
OPEN_003,93,ACCELERATING,STRAIGHT
OPEN_003,94,ACCELERATING,STRAIGHT
OPEN_003,95,ACCELERATING,STRAIGHT
OPEN_003,96,ACCELERATING,STRAIGHT
OPEN_003,97,ACCELERATING,STRAIGHT
OPEN_003,98,ACCELERATING,STRAIGHT
OPEN_003,99,ACCELERATING,STRAIGHT
OPEN_003,100,ACCELERATING,STRAIGHT
OPEN_003,101,ACCELERATING,STRAIGHT
OPEN_003,102,ACCELERATING,STRAIGHT
OPEN_003,103,ACCELERATING,STRAIGHT
OPEN_003,104,CONSTANT,STRAIGHT
OPEN_003,105,CONSTANT,STRAIGHT
OPEN_003,106,CONSTANT,STRAIGHT
OPEN_003,107,CONSTANT,STRAIGHT
OPEN_003,108,CONSTANT,STRAIGHT
OPEN_003,109,DECELERATING,STRAIGHT
OPEN_003,110,CONSTANT,STRAIGHT
OPEN_003,111,CONSTANT,STRAIGHT
OPEN_003,112,CONSTANT,STRAIGHT
OPEN_003,113,CONSTANT,STRAIGHT
OPEN_003,114,CONSTANT,STRAIGHT
OPEN_003,115,CONSTANT,STRAIGHT
OPEN_003,116,CONSTANT,STRAIGHT
OPEN_003,117,CONSTANT,STRAIGHT
OPEN_003,118,CONSTANT,STRAIGHT
OPEN_003,119,CONSTANT,STRAIGHT
OPEN_003,120,CONSTANT,STRAIGHT
OPEN_003,121,CONSTANT,STRAIGHT
OPEN_003,122,CONSTANT,STRAIGHT
OPEN_003,123,CONSTANT,STRAIGHT
OPEN_003,124,DECELERATING,STRAIGHT
OPEN_003,125,DECELERATING,STRAIGHT
OPEN_003,126,DECELERATING,STRAIGHT
OPEN_003,127,DECELERATING,STRAIGHT
OPEN_003,128,DECELERATING,STRAIGHT
OPEN_003,129,DECELERATING,STRAIGHT
OPEN_003,130,DECELERATING,STRAIGHT
OPEN_003,131,DECELERATING,STRAIGHT
OPEN_003,132,DECELERATING,STRAIGHT
OPEN_003,133,DECELERATING,STRAIGHT
OPEN_003,134,DECELERATING,STRAIGHT
OPEN_003,135,DECELERATING,STRAIGHT
OPEN_003,136,DECELERATING,STRAIGHT
OPEN_003,137,DECELERATING,STRAIGHT
OPEN_003,138,DECELERATING,STRAIGHT
OPEN_003,139,DECELERATING,STRAIGHT
OPEN_003,140,DECELERATING,STRAIGHT
OPEN_003,141,DECELERATING,STRAIGHT
OPEN_003,142,DECELERATING,RIGHT
OPEN_003,143,DECELERATING,RIGHT
OPEN_003,144,DECELERATING,RIGHT
OPEN_003,145,CONSTANT,RIGHT
OPEN_003,146,CONSTANT,RIGHT
OPEN_003,147,CONSTANT,RIGHT
OPEN_003,148,CONSTANT,RIGHT
OPEN_003,149,CONSTANT,RIGHT
OPEN_003,150,CONSTANT,RIGHT
OPEN_003,151,CONSTANT,RIGHT
OPEN_003,152,CONSTANT,RIGHT
OPEN_003,153,CONSTANT,RIGHT
OPEN_003,154,CONSTANT,RIGHT
OPEN_003,155,CONSTANT,RIGHT
OPEN_003,156,CONSTANT,RIGHT
OPEN_003,157,CONSTANT,STRAIGHT
OPEN_003,158,ACCELERATING,STRAIGHT
OPEN_003,159,ACCELERATING,STRAIGHT
OPEN_003,160,ACCELERATING,STRAIGHT
OPEN_003,161,ACCELERATING,STRAIGHT
OPEN_003,162,ACCELERATING,STRAIGHT
OPEN_003,163,ACCELERATING,STRAIGHT
OPEN_003,164,ACCELERATING,STRAIGHT
OPEN_003,165,ACCELERATING,LEFT
OPEN_003,166,ACCELERATING,LEFT
OPEN_003,167,ACCELERATING,LEFT
OPEN_003,168,ACCELERATING,LEFT
OPEN_003,169,ACCELERATING,LEFT
OPEN_003,170,ACCELERATING,LEFT
OPEN_003,171,ACCELERATING,LEFT
OPEN_003,172,ACCELERATING,LEFT
OPEN_003,173,CONSTANT,LEFT
OPEN_003,174,CONSTANT,LEFT
OPEN_003,175,CONSTANT,LEFT
OPEN_003,176,CONSTANT,LEFT
OPEN_003,177,CONSTANT,LEFT
OPEN_003,178,DECELERATING,LEFT
OPEN_003,179,DECELERATING,STRAIGHT
OPEN_003,180,DECELERATING,STRAIGHT
OPEN_003,181,DECELERATING,STRAIGHT
OPEN_003,182,DECELERATING,STRAIGHT
OPEN_003,183,DECELERATING,STRAIGHT
OPEN_003,184,ACCELERATING,STRAIGHT
OPEN_003,185,DECELERATING,STRAIGHT
OPEN_003,186,ACCELERATING,STRAIGHT
OPEN_003,187,ACCELERATING,STRAIGHT
OPEN_003,188,DECELERATING,STRAIGHT
OPEN_003,189,DECELERATING,STRAIGHT
OPEN_003,190,DECELERATING,STRAIGHT
OPEN_003,191,DECELERATING,STRAIGHT
OPEN_003,192,DECELERATING,STRAIGHT
OPEN_003,193,DECELERATING,STRAIGHT
OPEN_003,194,ACCELERATING,STRAIGHT
OPEN_003,195,DECELERATING,STRAIGHT
OPEN_003,196,DECELERATING,STRAIGHT
OPEN_003,197,DECELERATING,STRAIGHT
OPEN_003,198,DECELERATING,STRAIGHT
OPEN_003,199,DECELERATING,STRAIGHT
OPEN_003,200,ACCELERATING,STRAIGHT
OPEN_003,201,ACCELERATING,STRAIGHT
OPEN_003,202,ACCELERATING,STRAIGHT
OPEN_003,203,ACCELERATING,STRAIGHT
OPEN_003,204,ACCELERATING,STRAIGHT
OPEN_003,205,ACCELERATING,RIGHT
OPEN_003,206,ACCELERATING,RIGHT
OPEN_003,207,ACCELERATING,RIGHT
OPEN_003,208,ACCELERATING,RIGHT
OPEN_003,209,ACCELERATING,RIGHT
OPEN_003,210,ACCELERATING,STRAIGHT
OPEN_003,211,ACCELERATING,STRAIGHT
OPEN_003,212,ACCELERATING,STRAIGHT
OPEN_003,213,ACCELERATING,STRAIGHT
OPEN_003,214,ACCELERATING,STRAIGHT
OPEN_003,215,ACCELERATING,STRAIGHT
OPEN_003,216,ACCELERATING,STRAIGHT
OPEN_003,217,ACCELERATING,STRAIGHT
OPEN_003,218,ACCELERATING,STRAIGHT
OPEN_003,219,ACCELERATING,STRAIGHT
OPEN_003,220,ACCELERATING,STRAIGHT
OPEN_003,221,ACCELERATING,STRAIGHT
OPEN_003,222,ACCELERATING,STRAIGHT
OPEN_003,223,ACCELERATING,STRAIGHT
OPEN_003,224,CONSTANT,STRAIGHT
OPEN_003,225,CONSTANT,STRAIGHT
OPEN_003,226,CONSTANT,STRAIGHT
OPEN_003,227,CONSTANT,STRAIGHT
OPEN_003,228,CONSTANT,STRAIGHT
OPEN_003,229,CONSTANT,STRAIGHT
OPEN_003,230,CONSTANT,STRAIGHT
OPEN_003,231,CONSTANT,STRAIGHT
OPEN_003,232,CONSTANT,STRAIGHT
OPEN_003,233,CONSTANT,STRAIGHT
OPEN_003,234,CONSTANT,STRAIGHT
OPEN_003,235,CONSTANT,STRAIGHT
OPEN_003,236,CONSTANT,STRAIGHT
OPEN_003,237,CONSTANT,STRAIGHT
OPEN_003,238,CONSTANT,STRAIGHT
OPEN_003,239,CONSTANT,STRAIGHT
OPEN_003,240,CONSTANT,STRAIGHT
OPEN_003,241,CONSTANT,STRAIGHT
OPEN_003,242,CONSTANT,STRAIGHT
OPEN_003,243,CONSTANT,STRAIGHT
OPEN_003,244,CONSTANT,STRAIGHT
OPEN_003,245,CONSTANT,STRAIGHT
OPEN_003,246,CONSTANT,STRAIGHT
OPEN_003,247,CONSTANT,STRAIGHT
OPEN_003,248,CONSTANT,STRAIGHT
OPEN_003,249,CONSTANT,STRAIGHT
OPEN_003,250,CONSTANT,STRAIGHT
OPEN_003,251,CONSTANT,STRAIGHT
OPEN_003,252,CONSTANT,STRAIGHT
OPEN_003,253,CONSTANT,STRAIGHT
OPEN_003,254,CONSTANT,STRAIGHT
OPEN_003,255,CONSTANT,STRAIGHT
OPEN_003,256,CONSTANT,STRAIGHT
OPEN_003,257,CONSTANT,STRAIGHT
OPEN_003,258,CONSTANT,STRAIGHT
OPEN_003,259,CONSTANT,STRAIGHT
OPEN_003,260,CONSTANT,STRAIGHT
OPEN_003,261,CONSTANT,STRAIGHT
OPEN_003,262,CONSTANT,STRAIGHT
OPEN_003,263,CONSTANT,STRAIGHT
OPEN_003,264,CONSTANT,STRAIGHT
OPEN_003,265,CONSTANT,STRAIGHT
OPEN_003,266,CONSTANT,STRAIGHT
OPEN_003,267,CONSTANT,STRAIGHT
OPEN_003,268,CONSTANT,STRAIGHT
OPEN_003,269,CONSTANT,STRAIGHT
OPEN_003,270,CONSTANT,STRAIGHT
OPEN_003,271,CONSTANT,STRAIGHT
OPEN_003,272,CONSTANT,STRAIGHT
OPEN_003,273,CONSTANT,STRAIGHT
OPEN_003,274,CONSTANT,STRAIGHT
OPEN_003,275,CONSTANT,STRAIGHT
OPEN_003,276,CONSTANT,STRAIGHT
OPEN_003,277,CONSTANT,STRAIGHT
OPEN_003,278,CONSTANT,STRAIGHT
OPEN_003,279,CONSTANT,STRAIGHT
OPEN_003,280,CONSTANT,STRAIGHT
OPEN_003,281,CONSTANT,STRAIGHT
OPEN_003,282,CONSTANT,STRAIGHT
OPEN_003,283,CONSTANT,STRAIGHT
OPEN_003,284,CONSTANT,STRAIGHT
OPEN_003,285,CONSTANT,STRAIGHT
OPEN_003,286,CONSTANT,STRAIGHT
OPEN_003,287,CONSTANT,STRAIGHT
OPEN_003,288,CONSTANT,STRAIGHT
OPEN_003,289,CONSTANT,STRAIGHT
OPEN_003,290,CONSTANT,STRAIGHT
OPEN_003,291,CONSTANT,STRAIGHT
OPEN_003,292,CONSTANT,STRAIGHT
OPEN_003,293,CONSTANT,STRAIGHT
OPEN_003,294,CONSTANT,STRAIGHT
OPEN_003,295,CONSTANT,STRAIGHT
OPEN_003,296,CONSTANT,STRAIGHT
OPEN_003,297,CONSTANT,STRAIGHT
OPEN_003,298,CONSTANT,STRAIGHT
OPEN_003,299,CONSTANT,STRAIGHT
OPEN_003,300,CONSTANT,STRAIGHT
OPEN_003,301,CONSTANT,STRAIGHT
OPEN_003,302,CONSTANT,STRAIGHT
OPEN_003,303,CONSTANT,STRAIGHT
OPEN_003,304,CONSTANT,STRAIGHT
OPEN_003,305,CONSTANT,STRAIGHT
OPEN_003,306,CONSTANT,STRAIGHT
OPEN_003,307,CONSTANT,STRAIGHT
OPEN_003,308,CONSTANT,STRAIGHT
OPEN_003,309,CONSTANT,STRAIGHT
OPEN_003,310,CONSTANT,STRAIGHT
OPEN_003,311,CONSTANT,STRAIGHT
OPEN_003,312,CONSTANT,STRAIGHT
OPEN_003,313,CONSTANT,STRAIGHT
OPEN_003,314,CONSTANT,STRAIGHT
OPEN_003,315,CONSTANT,STRAIGHT
OPEN_003,316,CONSTANT,STRAIGHT
OPEN_003,317,CONSTANT,STRAIGHT
OPEN_003,318,CONSTANT,STRAIGHT
OPEN_003,319,CONSTANT,STRAIGHT
OPEN_003,320,CONSTANT,STRAIGHT
OPEN_003,321,CONSTANT,STRAIGHT
OPEN_003,322,CONSTANT,STRAIGHT
OPEN_003,323,CONSTANT,STRAIGHT
OPEN_003,324,CONSTANT,STRAIGHT
OPEN_003,325,DECELERATING,STRAIGHT
OPEN_003,326,CONSTANT,STRAIGHT
OPEN_003,327,CONSTANT,STRAIGHT
OPEN_003,328,CONSTANT,STRAIGHT
OPEN_003,329,CONSTANT,STRAIGHT
OPEN_003,330,CONSTANT,STRAIGHT
OPEN_003,331,CONSTANT,STRAIGHT
OPEN_003,332,CONSTANT,STRAIGHT
OPEN_003,333,CONSTANT,STRAIGHT
OPEN_003,334,CONSTANT,STRAIGHT
OPEN_003,335,CONSTANT,STRAIGHT
OPEN_003,336,CONSTANT,STRAIGHT
OPEN_003,337,CONSTANT,STRAIGHT
OPEN_003,338,CONSTANT,STRAIGHT
OPEN_003,339,CONSTANT,STRAIGHT
OPEN_003,340,CONSTANT,STRAIGHT
OPEN_003,341,CONSTANT,STRAIGHT
OPEN_003,342,CONSTANT,STRAIGHT
OPEN_003,343,CONSTANT,STRAIGHT
OPEN_003,344,CONSTANT,STRAIGHT
OPEN_003,345,CONSTANT,STRAIGHT
OPEN_003,346,CONSTANT,STRAIGHT
OPEN_003,347,CONSTANT,STRAIGHT
OPEN_003,348,CONSTANT,STRAIGHT
OPEN_003,349,CONSTANT,STRAIGHT
OPEN_003,350,CONSTANT,STRAIGHT
OPEN_003,351,CONSTANT,STRAIGHT
OPEN_003,352,CONSTANT,STRAIGHT
OPEN_003,353,CONSTANT,STRAIGHT
OPEN_003,354,CONSTANT,STRAIGHT
OPEN_003,355,CONSTANT,STRAIGHT
OPEN_003,356,CONSTANT,STRAIGHT
OPEN_003,357,CONSTANT,STRAIGHT
OPEN_003,358,CONSTANT,STRAIGHT
OPEN_003,359,CONSTANT,STRAIGHT
OPEN_003,360,CONSTANT,STRAIGHT
OPEN_003,361,CONSTANT,STRAIGHT
OPEN_003,362,CONSTANT,STRAIGHT
OPEN_003,363,CONSTANT,STRAIGHT
OPEN_003,364,CONSTANT,STRAIGHT
OPEN_003,365,CONSTANT,STRAIGHT
OPEN_003,366,CONSTANT,STRAIGHT
OPEN_003,367,CONSTANT,STRAIGHT
OPEN_003,368,CONSTANT,STRAIGHT
OPEN_003,369,CONSTANT,STRAIGHT
OPEN_003,370,CONSTANT,STRAIGHT
OPEN_003,371,CONSTANT,STRAIGHT
OPEN_003,372,CONSTANT,STRAIGHT
OPEN_003,373,CONSTANT,STRAIGHT
OPEN_003,374,CONSTANT,STRAIGHT
OPEN_003,375,CONSTANT,STRAIGHT
OPEN_003,376,CONSTANT,STRAIGHT
OPEN_003,377,DECELERATING,STRAIGHT
OPEN_003,378,CONSTANT,STRAIGHT
OPEN_003,379,CONSTANT,STRAIGHT
OPEN_003,380,CONSTANT,STRAIGHT
OPEN_003,381,CONSTANT,STRAIGHT
OPEN_003,382,CONSTANT,STRAIGHT
OPEN_003,383,CONSTANT,STRAIGHT
OPEN_003,384,DECELERATING,STRAIGHT
OPEN_003,385,DECELERATING,STRAIGHT
OPEN_003,386,DECELERATING,STRAIGHT
OPEN_003,387,CONSTANT,STRAIGHT
OPEN_003,388,CONSTANT,STRAIGHT
OPEN_003,389,CONSTANT,STRAIGHT
OPEN_003,390,CONSTANT,STRAIGHT
OPEN_003,391,CONSTANT,STRAIGHT
OPEN_003,392,CONSTANT,STRAIGHT
OPEN_003,393,CONSTANT,STRAIGHT
OPEN_003,394,CONSTANT,STRAIGHT
OPEN_003,395,CONSTANT,STRAIGHT
OPEN_003,396,CONSTANT,STRAIGHT
OPEN_003,397,CONSTANT,STRAIGHT
OPEN_003,398,CONSTANT,STRAIGHT
OPEN_003,399,CONSTANT,STRAIGHT
OPEN_003,400,CONSTANT,STRAIGHT
OPEN_003,401,CONSTANT,STRAIGHT
OPEN_003,402,CONSTANT,STRAIGHT
OPEN_003,403,CONSTANT,STRAIGHT
OPEN_003,404,CONSTANT,STRAIGHT
OPEN_003,405,CONSTANT,STRAIGHT
OPEN_003,406,CONSTANT,STRAIGHT
OPEN_003,407,CONSTANT,STRAIGHT
OPEN_003,408,CONSTANT,STRAIGHT
OPEN_003,409,CONSTANT,STRAIGHT
OPEN_003,410,CONSTANT,STRAIGHT
OPEN_003,411,CONSTANT,STRAIGHT
OPEN_003,412,CONSTANT,STRAIGHT
OPEN_003,413,CONSTANT,STRAIGHT
OPEN_003,414,CONSTANT,STRAIGHT
OPEN_003,415,CONSTANT,STRAIGHT
OPEN_003,416,CONSTANT,STRAIGHT
OPEN_003,417,CONSTANT,STRAIGHT
OPEN_003,418,CONSTANT,STRAIGHT
OPEN_003,419,CONSTANT,STRAIGHT
OPEN_003,420,CONSTANT,STRAIGHT
OPEN_003,421,CONSTANT,STRAIGHT
OPEN_003,422,CONSTANT,STRAIGHT
OPEN_003,423,DECELERATING,STRAIGHT
OPEN_003,424,CONSTANT,STRAIGHT
OPEN_003,425,CONSTANT,STRAIGHT
OPEN_003,426,CONSTANT,STRAIGHT
OPEN_003,427,CONSTANT,STRAIGHT
OPEN_003,428,CONSTANT,STRAIGHT
OPEN_003,429,CONSTANT,STRAIGHT
OPEN_003,430,CONSTANT,STRAIGHT
OPEN_003,431,CONSTANT,STRAIGHT
OPEN_003,432,CONSTANT,STRAIGHT
OPEN_003,433,CONSTANT,STRAIGHT
OPEN_003,434,CONSTANT,STRAIGHT
OPEN_003,435,CONSTANT,STRAIGHT
OPEN_003,436,CONSTANT,STRAIGHT
OPEN_003,437,CONSTANT,STRAIGHT
OPEN_003,438,CONSTANT,STRAIGHT
OPEN_003,439,CONSTANT,STRAIGHT
OPEN_003,440,CONSTANT,STRAIGHT
OPEN_003,441,CONSTANT,STRAIGHT
OPEN_003,442,CONSTANT,STRAIGHT
OPEN_003,443,CONSTANT,STRAIGHT
OPEN_003,444,CONSTANT,STRAIGHT
OPEN_003,445,CONSTANT,STRAIGHT
OPEN_003,446,CONSTANT,STRAIGHT
OPEN_003,447,CONSTANT,STRAIGHT
OPEN_003,448,CONSTANT,STRAIGHT
OPEN_003,449,CONSTANT,STRAIGHT
OPEN_003,450,CONSTANT,STRAIGHT
OPEN_003,451,CONSTANT,STRAIGHT
OPEN_003,452,CONSTANT,STRAIGHT
OPEN_003,453,CONSTANT,STRAIGHT
OPEN_003,454,CONSTANT,STRAIGHT
OPEN_003,455,CONSTANT,STRAIGHT
OPEN_003,456,CONSTANT,STRAIGHT
OPEN_003,457,CONSTANT,RIGHT
OPEN_003,458,CONSTANT,RIGHT
OPEN_003,459,CONSTANT,RIGHT
OPEN_003,460,CONSTANT,RIGHT
OPEN_003,461,CONSTANT,RIGHT
OPEN_003,462,CONSTANT,RIGHT
OPEN_003,463,CONSTANT,STRAIGHT
OPEN_003,464,CONSTANT,STRAIGHT
OPEN_003,465,CONSTANT,STRAIGHT
OPEN_003,466,CONSTANT,STRAIGHT
OPEN_003,467,DECELERATING,STRAIGHT
OPEN_003,468,DECELERATING,STRAIGHT
OPEN_003,469,DECELERATING,STRAIGHT
OPEN_003,470,DECELERATING,STRAIGHT
OPEN_003,471,DECELERATING,STRAIGHT
OPEN_003,472,DECELERATING,STRAIGHT
OPEN_003,473,DECELERATING,STRAIGHT
OPEN_003,474,DECELERATING,STRAIGHT
OPEN_003,475,DECELERATING,STRAIGHT
OPEN_003,476,DECELERATING,STRAIGHT
OPEN_003,477,DECELERATING,STRAIGHT
OPEN_003,478,DECELERATING,STRAIGHT
OPEN_003,479,DECELERATING,STRAIGHT
OPEN_003,480,DECELERATING,STRAIGHT
OPEN_003,481,DECELERATING,STRAIGHT
OPEN_003,482,DECELERATING,STRAIGHT
OPEN_003,483,DECELERATING,STRAIGHT
OPEN_003,484,DECELERATING,STRAIGHT
OPEN_003,485,DECELERATING,STRAIGHT
OPEN_003,486,DECELERATING,STRAIGHT
OPEN_003,487,DECELERATING,STRAIGHT
OPEN_003,488,DECELERATING,STRAIGHT
OPEN_003,489,DECELERATING,STRAIGHT
OPEN_003,490,DECELERATING,STRAIGHT
OPEN_003,491,CONSTANT,STRAIGHT
OPEN_003,492,CONSTANT,STRAIGHT
OPEN_003,493,CONSTANT,STRAIGHT
OPEN_003,494,DECELERATING,STRAIGHT
OPEN_003,495,DECELERATING,STRAIGHT
OPEN_003,496,CONSTANT,STRAIGHT
OPEN_003,497,CONSTANT,STRAIGHT
OPEN_003,498,CONSTANT,STRAIGHT
OPEN_003,499,CONSTANT,STRAIGHT
OPEN_003,500,CONSTANT,STRAIGHT
OPEN_003,501,CONSTANT,STRAIGHT
OPEN_003,502,CONSTANT,STRAIGHT
OPEN_003,503,CONSTANT,STRAIGHT
OPEN_003,504,CONSTANT,STRAIGHT
OPEN_003,505,CONSTANT,STRAIGHT
OPEN_003,506,CONSTANT,STRAIGHT
OPEN_003,507,CONSTANT,STRAIGHT
OPEN_003,508,CONSTANT,STRAIGHT
OPEN_003,509,CONSTANT,STRAIGHT
OPEN_003,510,CONSTANT,STRAIGHT
OPEN_003,511,CONSTANT,STRAIGHT
OPEN_003,512,CONSTANT,STRAIGHT
OPEN_003,513,CONSTANT,STRAIGHT
OPEN_003,514,CONSTANT,STRAIGHT
OPEN_003,515,CONSTANT,STRAIGHT
OPEN_003,516,CONSTANT,STRAIGHT
OPEN_003,517,CONSTANT,STRAIGHT
OPEN_003,518,DECELERATING,STRAIGHT
OPEN_003,519,DECELERATING,STRAIGHT
OPEN_003,520,DECELERATING,STRAIGHT
OPEN_003,521,DECELERATING,STRAIGHT
OPEN_003,522,DECELERATING,STRAIGHT
OPEN_003,523,DECELERATING,STRAIGHT
OPEN_003,524,DECELERATING,STRAIGHT
OPEN_003,525,DECELERATING,STRAIGHT
OPEN_003,526,DECELERATING,STRAIGHT
OPEN_003,527,DECELERATING,STRAIGHT
OPEN_003,528,DECELERATING,STRAIGHT
OPEN_003,529,DECELERATING,STRAIGHT
OPEN_003,530,DECELERATING,STRAIGHT
OPEN_003,531,DECELERATING,STRAIGHT
OPEN_003,532,DECELERATING,STRAIGHT
OPEN_003,533,DECELERATING,STRAIGHT
OPEN_003,534,DECELERATING,STRAIGHT
OPEN_003,535,DECELERATING,STRAIGHT
OPEN_003,536,DECELERATING,STRAIGHT
OPEN_003,537,DECELERATING,STRAIGHT
OPEN_003,538,DECELERATING,STRAIGHT
OPEN_003,539,DECELERATING,STRAIGHT
OPEN_003,540,DECELERATING,STRAIGHT
OPEN_003,541,DECELERATING,STRAIGHT
OPEN_003,542,DECELERATING,STRAIGHT
OPEN_003,543,DECELERATING,STRAIGHT
OPEN_003,544,DECELERATING,STRAIGHT
OPEN_003,545,DECELERATING,STRAIGHT
OPEN_003,546,DECELERATING,STRAIGHT
OPEN_003,547,DECELERATING,STRAIGHT
OPEN_003,548,DECELERATING,STRAIGHT
OPEN_003,549,DECELERATING,STRAIGHT
OPEN_003,550,DECELERATING,STRAIGHT
OPEN_003,551,DECELERATING,STRAIGHT
OPEN_003,552,DECELERATING,STRAIGHT
OPEN_003,553,DECELERATING,STRAIGHT
OPEN_003,554,DECELERATING,STRAIGHT
OPEN_003,555,DECELERATING,STRAIGHT
OPEN_003,556,DECELERATING,STRAIGHT
OPEN_003,557,DECELERATING,STRAIGHT
OPEN_003,558,DECELERATING,STRAIGHT
OPEN_003,559,DECELERATING,STRAIGHT
OPEN_003,560,DECELERATING,STRAIGHT
OPEN_003,561,DECELERATING,STRAIGHT
OPEN_003,562,DECELERATING,STRAIGHT
OPEN_003,563,DECELERATING,STRAIGHT
OPEN_003,564,DECELERATING,STRAIGHT
OPEN_003,565,DECELERATING,STRAIGHT
OPEN_003,566,DECELERATING,RIGHT
OPEN_003,567,DECELERATING,RIGHT
OPEN_003,568,DECELERATING,RIGHT
OPEN_003,569,DECELERATING,RIGHT
OPEN_003,570,DECELERATING,RIGHT
OPEN_003,571,DECELERATING,RIGHT
OPEN_003,572,DECELERATING,RIGHT
OPEN_003,573,DECELERATING,RIGHT
OPEN_003,574,DECELERATING,RIGHT
OPEN_003,575,DECELERATING,RIGHT
OPEN_003,576,DECELERATING,RIGHT
OPEN_003,577,DECELERATING,RIGHT
OPEN_003,578,DECELERATING,STRAIGHT
OPEN_003,579,DECELERATING,STRAIGHT
OPEN_003,580,DECELERATING,STRAIGHT
OPEN_003,581,DECELERATING,STRAIGHT
OPEN_003,582,DECELERATING,STRAIGHT
OPEN_003,583,DECELERATING,STRAIGHT
OPEN_003,584,DECELERATING,STRAIGHT
OPEN_003,585,DECELERATING,STRAIGHT
OPEN_003,586,DECELERATING,STRAIGHT
OPEN_003,587,DECELERATING,STRAIGHT
OPEN_003,588,DECELERATING,STRAIGHT
OPEN_003,589,DECELERATING,STRAIGHT
OPEN_003,590,DECELERATING,STRAIGHT
OPEN_003,591,DECELERATING,STRAIGHT
OPEN_003,592,DECELERATING,STRAIGHT
OPEN_003,593,DECELERATING,STRAIGHT
OPEN_003,594,DECELERATING,STRAIGHT
OPEN_003,595,DECELERATING,STRAIGHT
OPEN_003,596,DECELERATING,STRAIGHT
OPEN_003,597,DECELERATING,STRAIGHT
OPEN_003,598,DECELERATING,STRAIGHT
OPEN_004,0,ACCELERATING,STRAIGHT
OPEN_004,1,ACCELERATING,STRAIGHT
OPEN_004,2,ACCELERATING,STRAIGHT
OPEN_004,3,ACCELERATING,STRAIGHT
OPEN_004,4,DECELERATING,STRAIGHT
OPEN_004,5,DECELERATING,STRAIGHT
OPEN_004,6,DECELERATING,STRAIGHT
OPEN_004,7,DECELERATING,STRAIGHT
OPEN_004,8,DECELERATING,STRAIGHT
OPEN_004,9,DECELERATING,STRAIGHT
OPEN_004,10,DECELERATING,STRAIGHT
OPEN_004,11,DECELERATING,STRAIGHT
OPEN_004,12,DECELERATING,STRAIGHT
OPEN_004,13,DECELERATING,STRAIGHT
OPEN_004,14,DECELERATING,STRAIGHT
OPEN_004,15,DECELERATING,STRAIGHT
OPEN_004,16,DECELERATING,STRAIGHT
OPEN_004,17,DECELERATING,STRAIGHT
OPEN_004,18,DECELERATING,STRAIGHT
OPEN_004,19,DECELERATING,STRAIGHT
OPEN_004,20,DECELERATING,STRAIGHT
OPEN_004,21,DECELERATING,STRAIGHT
OPEN_004,22,DECELERATING,STRAIGHT
OPEN_004,23,DECELERATING,STRAIGHT
OPEN_004,24,STOPPED,STRAIGHT
OPEN_004,25,STOPPED,STRAIGHT
OPEN_004,26,STOPPED,STRAIGHT
OPEN_004,27,STOPPED,STRAIGHT
OPEN_004,28,STOPPED,STRAIGHT
OPEN_004,29,STOPPED,STRAIGHT
OPEN_004,30,STOPPED,STRAIGHT
OPEN_004,31,STOPPED,STRAIGHT
OPEN_004,32,STOPPED,STRAIGHT
OPEN_004,33,STOPPED,STRAIGHT
OPEN_004,34,STOPPED,STRAIGHT
OPEN_004,35,STOPPED,STRAIGHT
OPEN_004,36,STOPPED,STRAIGHT
OPEN_004,37,ACCELERATING,STRAIGHT
OPEN_004,38,ACCELERATING,LEFT
OPEN_004,39,ACCELERATING,LEFT
OPEN_004,40,ACCELERATING,LEFT
OPEN_004,41,ACCELERATING,STRAIGHT
OPEN_004,42,ACCELERATING,LEFT
OPEN_004,43,ACCELERATING,STRAIGHT
OPEN_004,44,ACCELERATING,STRAIGHT
OPEN_004,45,ACCELERATING,STRAIGHT
OPEN_004,46,ACCELERATING,STRAIGHT
OPEN_004,47,ACCELERATING,STRAIGHT
OPEN_004,48,ACCELERATING,STRAIGHT
OPEN_004,49,ACCELERATING,STRAIGHT
OPEN_004,50,ACCELERATING,STRAIGHT
OPEN_004,51,ACCELERATING,STRAIGHT
OPEN_004,52,ACCELERATING,STRAIGHT
OPEN_004,53,ACCELERATING,STRAIGHT
OPEN_004,54,ACCELERATING,STRAIGHT
OPEN_004,55,ACCELERATING,STRAIGHT
OPEN_004,56,ACCELERATING,STRAIGHT
OPEN_004,57,ACCELERATING,STRAIGHT
OPEN_004,58,ACCELERATING,STRAIGHT
OPEN_004,59,ACCELERATING,STRAIGHT
OPEN_004,60,ACCELERATING,STRAIGHT
OPEN_004,61,ACCELERATING,STRAIGHT
OPEN_004,62,ACCELERATING,STRAIGHT
OPEN_004,63,ACCELERATING,STRAIGHT
OPEN_004,64,ACCELERATING,STRAIGHT
OPEN_004,65,ACCELERATING,STRAIGHT
OPEN_004,66,ACCELERATING,STRAIGHT
OPEN_004,67,ACCELERATING,STRAIGHT
OPEN_004,68,ACCELERATING,STRAIGHT
OPEN_004,69,ACCELERATING,STRAIGHT
OPEN_004,70,ACCELERATING,STRAIGHT
OPEN_004,71,ACCELERATING,STRAIGHT
OPEN_004,72,ACCELERATING,RIGHT
OPEN_004,73,ACCELERATING,STRAIGHT
OPEN_004,74,ACCELERATING,STRAIGHT
OPEN_004,75,ACCELERATING,STRAIGHT
OPEN_004,76,ACCELERATING,STRAIGHT
OPEN_004,77,ACCELERATING,STRAIGHT
OPEN_004,78,ACCELERATING,STRAIGHT
OPEN_004,79,ACCELERATING,STRAIGHT
OPEN_004,80,ACCELERATING,STRAIGHT
OPEN_004,81,ACCELERATING,STRAIGHT
OPEN_004,82,ACCELERATING,STRAIGHT
OPEN_004,83,ACCELERATING,STRAIGHT
OPEN_004,84,ACCELERATING,STRAIGHT
OPEN_004,85,ACCELERATING,STRAIGHT
OPEN_004,86,ACCELERATING,STRAIGHT
OPEN_004,87,DECELERATING,STRAIGHT
OPEN_004,88,CONSTANT,STRAIGHT
OPEN_004,89,CONSTANT,STRAIGHT
OPEN_004,90,ACCELERATING,STRAIGHT
OPEN_004,91,CONSTANT,STRAIGHT
OPEN_004,92,CONSTANT,STRAIGHT
OPEN_004,93,DECELERATING,STRAIGHT
OPEN_004,94,CONSTANT,STRAIGHT
OPEN_004,95,CONSTANT,STRAIGHT
OPEN_004,96,CONSTANT,STRAIGHT
OPEN_004,97,CONSTANT,STRAIGHT
OPEN_004,98,CONSTANT,STRAIGHT
OPEN_004,99,CONSTANT,STRAIGHT
OPEN_004,100,CONSTANT,STRAIGHT
OPEN_004,101,CONSTANT,STRAIGHT
OPEN_004,102,CONSTANT,STRAIGHT
OPEN_004,103,CONSTANT,STRAIGHT
OPEN_004,104,CONSTANT,STRAIGHT
OPEN_004,105,CONSTANT,STRAIGHT
OPEN_004,106,CONSTANT,STRAIGHT
OPEN_004,107,CONSTANT,STRAIGHT
OPEN_004,108,CONSTANT,STRAIGHT
OPEN_004,109,CONSTANT,STRAIGHT
OPEN_004,110,CONSTANT,STRAIGHT
OPEN_004,111,CONSTANT,STRAIGHT
OPEN_004,112,ACCELERATING,RIGHT
OPEN_004,113,ACCELERATING,STRAIGHT
OPEN_004,114,ACCELERATING,STRAIGHT
OPEN_004,115,ACCELERATING,STRAIGHT
OPEN_004,116,ACCELERATING,STRAIGHT
OPEN_004,117,ACCELERATING,STRAIGHT
OPEN_004,118,ACCELERATING,STRAIGHT
OPEN_004,119,ACCELERATING,STRAIGHT
OPEN_004,120,ACCELERATING,STRAIGHT
OPEN_004,121,ACCELERATING,STRAIGHT
OPEN_004,122,ACCELERATING,STRAIGHT
OPEN_004,123,ACCELERATING,STRAIGHT
OPEN_004,124,ACCELERATING,STRAIGHT
OPEN_004,125,ACCELERATING,STRAIGHT
OPEN_004,126,ACCELERATING,STRAIGHT
OPEN_004,127,ACCELERATING,STRAIGHT
OPEN_004,128,ACCELERATING,STRAIGHT
OPEN_004,129,CONSTANT,STRAIGHT
OPEN_004,130,CONSTANT,STRAIGHT
OPEN_004,131,CONSTANT,STRAIGHT
OPEN_004,132,CONSTANT,STRAIGHT
OPEN_004,133,CONSTANT,STRAIGHT
OPEN_004,134,CONSTANT,STRAIGHT
OPEN_004,135,CONSTANT,STRAIGHT
OPEN_004,136,CONSTANT,STRAIGHT
OPEN_004,137,CONSTANT,STRAIGHT
OPEN_004,138,CONSTANT,STRAIGHT
OPEN_004,139,CONSTANT,STRAIGHT
OPEN_004,140,CONSTANT,STRAIGHT
OPEN_004,141,CONSTANT,STRAIGHT
OPEN_004,142,CONSTANT,STRAIGHT
OPEN_004,143,CONSTANT,STRAIGHT
OPEN_004,144,CONSTANT,STRAIGHT
OPEN_004,145,CONSTANT,STRAIGHT
OPEN_004,146,CONSTANT,STRAIGHT
OPEN_004,147,CONSTANT,STRAIGHT
OPEN_004,148,CONSTANT,STRAIGHT
OPEN_004,149,CONSTANT,STRAIGHT
OPEN_004,150,CONSTANT,STRAIGHT
OPEN_004,151,CONSTANT,STRAIGHT
OPEN_004,152,CONSTANT,STRAIGHT
OPEN_004,153,CONSTANT,STRAIGHT
OPEN_004,154,CONSTANT,STRAIGHT
OPEN_004,155,CONSTANT,STRAIGHT
OPEN_004,156,CONSTANT,STRAIGHT
OPEN_004,157,CONSTANT,STRAIGHT
OPEN_004,158,CONSTANT,STRAIGHT
OPEN_004,159,CONSTANT,STRAIGHT
OPEN_004,160,CONSTANT,STRAIGHT
OPEN_004,161,CONSTANT,STRAIGHT
OPEN_004,162,CONSTANT,STRAIGHT
OPEN_004,163,CONSTANT,STRAIGHT
OPEN_004,164,CONSTANT,STRAIGHT
OPEN_004,165,CONSTANT,STRAIGHT
OPEN_004,166,CONSTANT,STRAIGHT
OPEN_004,167,CONSTANT,STRAIGHT
OPEN_004,168,CONSTANT,STRAIGHT
OPEN_004,169,CONSTANT,STRAIGHT
OPEN_004,170,CONSTANT,STRAIGHT
OPEN_004,171,CONSTANT,STRAIGHT
OPEN_004,172,CONSTANT,STRAIGHT
OPEN_004,173,CONSTANT,STRAIGHT
OPEN_004,174,CONSTANT,STRAIGHT
OPEN_004,175,CONSTANT,STRAIGHT
OPEN_004,176,CONSTANT,STRAIGHT
OPEN_004,177,CONSTANT,STRAIGHT
OPEN_004,178,CONSTANT,STRAIGHT
OPEN_004,179,CONSTANT,STRAIGHT
OPEN_004,180,CONSTANT,STRAIGHT
OPEN_004,181,CONSTANT,STRAIGHT
OPEN_004,182,CONSTANT,STRAIGHT
OPEN_004,183,CONSTANT,STRAIGHT
OPEN_004,184,CONSTANT,STRAIGHT
OPEN_004,185,CONSTANT,STRAIGHT
OPEN_004,186,CONSTANT,STRAIGHT
OPEN_004,187,CONSTANT,STRAIGHT
OPEN_004,188,CONSTANT,STRAIGHT
OPEN_004,189,CONSTANT,STRAIGHT
OPEN_004,190,CONSTANT,STRAIGHT
OPEN_004,191,CONSTANT,STRAIGHT
OPEN_004,192,CONSTANT,STRAIGHT
OPEN_004,193,CONSTANT,STRAIGHT
OPEN_004,194,CONSTANT,STRAIGHT
OPEN_004,195,CONSTANT,STRAIGHT
OPEN_004,196,CONSTANT,STRAIGHT
OPEN_004,197,CONSTANT,STRAIGHT
OPEN_004,198,CONSTANT,STRAIGHT
OPEN_004,199,CONSTANT,STRAIGHT
OPEN_004,200,CONSTANT,STRAIGHT
OPEN_004,201,CONSTANT,STRAIGHT
OPEN_004,202,CONSTANT,STRAIGHT
OPEN_004,203,CONSTANT,STRAIGHT
OPEN_004,204,CONSTANT,STRAIGHT
OPEN_004,205,CONSTANT,STRAIGHT
OPEN_004,206,CONSTANT,STRAIGHT
OPEN_004,207,CONSTANT,STRAIGHT
OPEN_004,208,CONSTANT,STRAIGHT
OPEN_004,209,CONSTANT,STRAIGHT
OPEN_004,210,CONSTANT,STRAIGHT
OPEN_004,211,CONSTANT,STRAIGHT
OPEN_004,212,CONSTANT,STRAIGHT
OPEN_004,213,CONSTANT,STRAIGHT
OPEN_004,214,CONSTANT,STRAIGHT
OPEN_004,215,CONSTANT,STRAIGHT
OPEN_004,216,CONSTANT,STRAIGHT
OPEN_004,217,CONSTANT,STRAIGHT
OPEN_004,218,CONSTANT,STRAIGHT
OPEN_004,219,CONSTANT,STRAIGHT
OPEN_004,220,CONSTANT,STRAIGHT
OPEN_004,221,CONSTANT,STRAIGHT
OPEN_004,222,CONSTANT,STRAIGHT
OPEN_004,223,CONSTANT,STRAIGHT
OPEN_004,224,CONSTANT,STRAIGHT
OPEN_004,225,CONSTANT,STRAIGHT
OPEN_004,226,CONSTANT,STRAIGHT
OPEN_004,227,CONSTANT,STRAIGHT
OPEN_004,228,CONSTANT,STRAIGHT
OPEN_004,229,CONSTANT,STRAIGHT
OPEN_004,230,CONSTANT,STRAIGHT
OPEN_004,231,CONSTANT,STRAIGHT
OPEN_004,232,CONSTANT,STRAIGHT
OPEN_004,233,CONSTANT,STRAIGHT
OPEN_004,234,DECELERATING,STRAIGHT
OPEN_004,235,DECELERATING,STRAIGHT
OPEN_004,236,DECELERATING,STRAIGHT
OPEN_004,237,DECELERATING,STRAIGHT
OPEN_004,238,DECELERATING,STRAIGHT
OPEN_004,239,DECELERATING,STRAIGHT
OPEN_004,240,DECELERATING,STRAIGHT
OPEN_004,241,DECELERATING,STRAIGHT
OPEN_004,242,DECELERATING,STRAIGHT
OPEN_004,243,DECELERATING,STRAIGHT
OPEN_004,244,DECELERATING,STRAIGHT
OPEN_004,245,DECELERATING,STRAIGHT
OPEN_004,246,DECELERATING,STRAIGHT
OPEN_004,247,DECELERATING,STRAIGHT
OPEN_004,248,DECELERATING,STRAIGHT
OPEN_004,249,DECELERATING,STRAIGHT
OPEN_004,250,DECELERATING,STRAIGHT
OPEN_004,251,DECELERATING,STRAIGHT
OPEN_004,252,DECELERATING,STRAIGHT
OPEN_004,253,DECELERATING,STRAIGHT
OPEN_004,254,DECELERATING,STRAIGHT
OPEN_004,255,DECELERATING,STRAIGHT
OPEN_004,256,DECELERATING,STRAIGHT
OPEN_004,257,DECELERATING,STRAIGHT
OPEN_004,258,DECELERATING,STRAIGHT
OPEN_004,259,DECELERATING,STRAIGHT
OPEN_004,260,DECELERATING,STRAIGHT
OPEN_004,261,DECELERATING,STRAIGHT
OPEN_004,262,DECELERATING,STRAIGHT
OPEN_004,263,DECELERATING,STRAIGHT
OPEN_004,264,CONSTANT,STRAIGHT
OPEN_004,265,CONSTANT,STRAIGHT
OPEN_004,266,DECELERATING,STRAIGHT
OPEN_004,267,CONSTANT,STRAIGHT
OPEN_004,268,CONSTANT,STRAIGHT
OPEN_004,269,CONSTANT,STRAIGHT
OPEN_004,270,CONSTANT,STRAIGHT
OPEN_004,271,CONSTANT,STRAIGHT
OPEN_004,272,ACCELERATING,STRAIGHT
OPEN_004,273,ACCELERATING,STRAIGHT
OPEN_004,274,CONSTANT,STRAIGHT
OPEN_004,275,CONSTANT,STRAIGHT
OPEN_004,276,CONSTANT,STRAIGHT
OPEN_004,277,ACCELERATING,STRAIGHT
OPEN_004,278,ACCELERATING,STRAIGHT
OPEN_004,279,ACCELERATING,STRAIGHT
OPEN_004,280,ACCELERATING,STRAIGHT
OPEN_004,281,ACCELERATING,STRAIGHT
OPEN_004,282,ACCELERATING,STRAIGHT
OPEN_004,283,ACCELERATING,STRAIGHT
OPEN_004,284,ACCELERATING,STRAIGHT
OPEN_004,285,ACCELERATING,STRAIGHT
OPEN_004,286,ACCELERATING,STRAIGHT
OPEN_004,287,ACCELERATING,STRAIGHT
OPEN_004,288,ACCELERATING,STRAIGHT
OPEN_004,289,ACCELERATING,STRAIGHT
OPEN_004,290,ACCELERATING,STRAIGHT
OPEN_004,291,ACCELERATING,STRAIGHT
OPEN_004,292,ACCELERATING,STRAIGHT
OPEN_004,293,ACCELERATING,STRAIGHT
OPEN_004,294,ACCELERATING,STRAIGHT
OPEN_004,295,ACCELERATING,STRAIGHT
OPEN_004,296,DECELERATING,STRAIGHT
OPEN_004,297,DECELERATING,STRAIGHT
OPEN_004,298,DECELERATING,STRAIGHT
OPEN_004,299,DECELERATING,STRAIGHT
OPEN_004,300,DECELERATING,STRAIGHT
OPEN_004,301,DECELERATING,STRAIGHT
OPEN_004,302,DECELERATING,STRAIGHT
OPEN_004,303,DECELERATING,STRAIGHT
OPEN_004,304,DECELERATING,STRAIGHT
OPEN_004,305,DECELERATING,STRAIGHT
OPEN_004,306,DECELERATING,STRAIGHT
OPEN_004,307,DECELERATING,STRAIGHT
OPEN_004,308,DECELERATING,STRAIGHT
OPEN_004,309,DECELERATING,STRAIGHT
OPEN_004,310,DECELERATING,STRAIGHT
OPEN_004,311,ACCELERATING,STRAIGHT
OPEN_004,312,ACCELERATING,STRAIGHT
OPEN_004,313,DECELERATING,STRAIGHT
OPEN_004,314,DECELERATING,STRAIGHT
OPEN_004,315,DECELERATING,STRAIGHT
OPEN_004,316,DECELERATING,STRAIGHT
OPEN_004,317,DECELERATING,STRAIGHT
OPEN_004,318,DECELERATING,STRAIGHT
OPEN_004,319,DECELERATING,STRAIGHT
OPEN_004,320,DECELERATING,STRAIGHT
OPEN_004,321,DECELERATING,STRAIGHT
OPEN_004,322,DECELERATING,STRAIGHT
OPEN_004,323,DECELERATING,STRAIGHT
OPEN_004,324,DECELERATING,STRAIGHT
OPEN_004,325,DECELERATING,STRAIGHT
OPEN_004,326,DECELERATING,STRAIGHT
OPEN_004,327,DECELERATING,STRAIGHT
OPEN_004,328,DECELERATING,STRAIGHT
OPEN_004,329,DECELERATING,STRAIGHT
OPEN_004,330,DECELERATING,STRAIGHT
OPEN_004,331,DECELERATING,STRAIGHT
OPEN_004,332,DECELERATING,STRAIGHT
OPEN_004,333,DECELERATING,STRAIGHT
OPEN_004,334,DECELERATING,STRAIGHT
OPEN_004,335,DECELERATING,STRAIGHT
OPEN_004,336,DECELERATING,STRAIGHT
OPEN_004,337,DECELERATING,STRAIGHT
OPEN_004,338,DECELERATING,STRAIGHT
OPEN_004,339,DECELERATING,STRAIGHT
OPEN_004,340,DECELERATING,STRAIGHT
OPEN_004,341,DECELERATING,STRAIGHT
OPEN_004,342,DECELERATING,STRAIGHT
OPEN_004,343,DECELERATING,STRAIGHT
OPEN_004,344,DECELERATING,STRAIGHT
OPEN_004,345,DECELERATING,STRAIGHT
OPEN_004,346,DECELERATING,STRAIGHT
OPEN_004,347,DECELERATING,STRAIGHT
OPEN_004,348,DECELERATING,STRAIGHT
OPEN_004,349,DECELERATING,STRAIGHT
OPEN_004,350,DECELERATING,STRAIGHT
OPEN_004,351,DECELERATING,STRAIGHT
OPEN_004,352,DECELERATING,STRAIGHT
OPEN_004,353,DECELERATING,STRAIGHT
OPEN_004,354,DECELERATING,STRAIGHT
OPEN_004,355,DECELERATING,STRAIGHT
OPEN_004,356,DECELERATING,STRAIGHT
OPEN_004,357,DECELERATING,STRAIGHT
OPEN_004,358,DECELERATING,STRAIGHT
OPEN_004,359,DECELERATING,STRAIGHT
OPEN_004,360,DECELERATING,STRAIGHT
OPEN_004,361,DECELERATING,STRAIGHT
OPEN_004,362,DECELERATING,STRAIGHT
OPEN_004,363,DECELERATING,STRAIGHT
OPEN_004,364,DECELERATING,STRAIGHT
OPEN_004,365,DECELERATING,STRAIGHT
OPEN_004,366,DECELERATING,STRAIGHT
OPEN_004,367,DECELERATING,STRAIGHT
OPEN_004,368,DECELERATING,STRAIGHT
OPEN_004,369,DECELERATING,STRAIGHT
OPEN_004,370,DECELERATING,STRAIGHT
OPEN_004,371,DECELERATING,STRAIGHT
OPEN_004,372,DECELERATING,STRAIGHT
OPEN_004,373,DECELERATING,STRAIGHT
OPEN_004,374,DECELERATING,STRAIGHT
OPEN_004,375,DECELERATING,STRAIGHT
OPEN_004,376,DECELERATING,STRAIGHT
OPEN_004,377,ACCELERATING,STRAIGHT
OPEN_004,378,ACCELERATING,STRAIGHT
OPEN_004,379,ACCELERATING,STRAIGHT
OPEN_004,380,ACCELERATING,STRAIGHT
OPEN_004,381,ACCELERATING,STRAIGHT
OPEN_004,382,ACCELERATING,STRAIGHT
OPEN_004,383,ACCELERATING,STRAIGHT
OPEN_004,384,ACCELERATING,STRAIGHT
OPEN_004,385,ACCELERATING,STRAIGHT
OPEN_004,386,DECELERATING,STRAIGHT
OPEN_004,387,DECELERATING,STRAIGHT
OPEN_004,388,DECELERATING,STRAIGHT
OPEN_004,389,DECELERATING,STRAIGHT
OPEN_004,390,DECELERATING,STRAIGHT
OPEN_004,391,DECELERATING,STRAIGHT
OPEN_004,392,DECELERATING,STRAIGHT
OPEN_004,393,DECELERATING,STRAIGHT
OPEN_004,394,DECELERATING,STRAIGHT
OPEN_004,395,DECELERATING,STRAIGHT
OPEN_004,396,DECELERATING,STRAIGHT
OPEN_004,397,DECELERATING,STRAIGHT
OPEN_004,398,DECELERATING,STRAIGHT
OPEN_004,399,DECELERATING,STRAIGHT
OPEN_004,400,DECELERATING,STRAIGHT
OPEN_004,401,DECELERATING,STRAIGHT
OPEN_004,402,DECELERATING,STRAIGHT
OPEN_004,403,DECELERATING,STRAIGHT
OPEN_004,404,DECELERATING,STRAIGHT
OPEN_004,405,DECELERATING,STRAIGHT
OPEN_004,406,DECELERATING,STRAIGHT
OPEN_004,407,DECELERATING,STRAIGHT
OPEN_004,408,DECELERATING,STRAIGHT
OPEN_004,409,DECELERATING,STRAIGHT
OPEN_004,410,DECELERATING,STRAIGHT
OPEN_004,411,DECELERATING,STRAIGHT
OPEN_004,412,DECELERATING,STRAIGHT
OPEN_004,413,DECELERATING,STRAIGHT
OPEN_004,414,DECELERATING,STRAIGHT
OPEN_004,415,DECELERATING,STRAIGHT
OPEN_004,416,DECELERATING,STRAIGHT
OPEN_004,417,DECELERATING,STRAIGHT
OPEN_004,418,DECELERATING,STRAIGHT
OPEN_004,419,DECELERATING,STRAIGHT
OPEN_004,420,DECELERATING,STRAIGHT
OPEN_004,421,DECELERATING,STRAIGHT
OPEN_004,422,DECELERATING,STRAIGHT
OPEN_004,423,DECELERATING,STRAIGHT
OPEN_004,424,DECELERATING,STRAIGHT
OPEN_004,425,DECELERATING,STRAIGHT
OPEN_004,426,DECELERATING,STRAIGHT
OPEN_004,427,DECELERATING,STRAIGHT
OPEN_004,428,DECELERATING,STRAIGHT
OPEN_004,429,DECELERATING,STRAIGHT
OPEN_004,430,DECELERATING,STRAIGHT
OPEN_004,431,DECELERATING,STRAIGHT
OPEN_004,432,DECELERATING,STRAIGHT
OPEN_004,433,DECELERATING,STRAIGHT
OPEN_004,434,DECELERATING,STRAIGHT
OPEN_004,435,DECELERATING,STRAIGHT
OPEN_004,436,DECELERATING,STRAIGHT
OPEN_004,437,DECELERATING,STRAIGHT
OPEN_004,438,DECELERATING,STRAIGHT
OPEN_004,439,DECELERATING,STRAIGHT
OPEN_004,440,DECELERATING,STRAIGHT
OPEN_004,441,DECELERATING,STRAIGHT
OPEN_004,442,DECELERATING,STRAIGHT
OPEN_004,443,STOPPED,STRAIGHT
OPEN_004,444,STOPPED,STRAIGHT
OPEN_004,445,STOPPED,STRAIGHT
OPEN_004,446,STOPPED,STRAIGHT
OPEN_004,447,STOPPED,STRAIGHT
OPEN_004,448,STOPPED,STRAIGHT
OPEN_004,449,STOPPED,STRAIGHT
OPEN_004,450,STOPPED,STRAIGHT
OPEN_004,451,STOPPED,STRAIGHT
OPEN_004,452,STOPPED,STRAIGHT
OPEN_004,453,STOPPED,STRAIGHT
OPEN_004,454,STOPPED,STRAIGHT
OPEN_004,455,STOPPED,STRAIGHT
OPEN_004,456,STOPPED,STRAIGHT
OPEN_004,457,STOPPED,STRAIGHT
OPEN_004,458,STOPPED,STRAIGHT
OPEN_004,459,STOPPED,STRAIGHT
OPEN_004,460,STOPPED,STRAIGHT
OPEN_004,461,STOPPED,STRAIGHT
OPEN_004,462,STOPPED,STRAIGHT
OPEN_004,463,STOPPED,STRAIGHT
OPEN_004,464,STOPPED,STRAIGHT
OPEN_004,465,STOPPED,STRAIGHT
OPEN_004,466,STOPPED,STRAIGHT
OPEN_004,467,STOPPED,STRAIGHT
OPEN_004,468,STOPPED,LEFT
OPEN_004,469,STOPPED,LEFT
OPEN_004,470,STOPPED,LEFT
OPEN_004,471,STOPPED,LEFT
OPEN_004,472,STOPPED,STRAIGHT
OPEN_004,473,STOPPED,LEFT
OPEN_004,474,STOPPED,LEFT
OPEN_004,475,STOPPED,LEFT
OPEN_004,476,STOPPED,LEFT
OPEN_004,477,STOPPED,STRAIGHT
OPEN_004,478,STOPPED,STRAIGHT
OPEN_004,479,STOPPED,LEFT
OPEN_004,480,STOPPED,LEFT
OPEN_004,481,STOPPED,LEFT
OPEN_004,482,STOPPED,LEFT
OPEN_004,483,STOPPED,LEFT
OPEN_004,484,STOPPED,LEFT
OPEN_004,485,STOPPED,LEFT
OPEN_004,486,STOPPED,STRAIGHT
OPEN_004,487,STOPPED,LEFT
OPEN_004,488,STOPPED,LEFT
OPEN_004,489,STOPPED,STRAIGHT
OPEN_004,490,STOPPED,STRAIGHT
OPEN_004,491,STOPPED,STRAIGHT
OPEN_004,492,STOPPED,STRAIGHT
OPEN_004,493,STOPPED,STRAIGHT
OPEN_004,494,STOPPED,STRAIGHT
OPEN_004,495,STOPPED,STRAIGHT
OPEN_004,496,STOPPED,STRAIGHT
OPEN_004,497,STOPPED,STRAIGHT
OPEN_004,498,STOPPED,STRAIGHT
OPEN_004,499,STOPPED,STRAIGHT
OPEN_004,500,STOPPED,STRAIGHT
OPEN_004,501,STOPPED,STRAIGHT
OPEN_004,502,STOPPED,STRAIGHT
OPEN_004,503,STOPPED,STRAIGHT
OPEN_004,504,STOPPED,STRAIGHT
OPEN_004,505,STOPPED,STRAIGHT
OPEN_004,506,STOPPED,STRAIGHT
OPEN_004,507,STOPPED,STRAIGHT
OPEN_004,508,STOPPED,STRAIGHT
OPEN_004,509,STOPPED,STRAIGHT
OPEN_004,510,STOPPED,STRAIGHT
OPEN_004,511,STOPPED,STRAIGHT
OPEN_004,512,STOPPED,STRAIGHT
OPEN_004,513,STOPPED,STRAIGHT
OPEN_004,514,STOPPED,STRAIGHT
OPEN_004,515,STOPPED,STRAIGHT
OPEN_004,516,STOPPED,STRAIGHT
OPEN_004,517,STOPPED,STRAIGHT
OPEN_004,518,STOPPED,STRAIGHT
OPEN_004,519,STOPPED,STRAIGHT
OPEN_004,520,STOPPED,STRAIGHT
OPEN_004,521,STOPPED,STRAIGHT
OPEN_004,522,STOPPED,STRAIGHT
OPEN_004,523,STOPPED,STRAIGHT
OPEN_004,524,STOPPED,STRAIGHT
OPEN_004,525,STOPPED,STRAIGHT
OPEN_004,526,STOPPED,STRAIGHT
OPEN_004,527,STOPPED,STRAIGHT
OPEN_004,528,STOPPED,STRAIGHT
OPEN_004,529,STOPPED,STRAIGHT
OPEN_004,530,STOPPED,STRAIGHT
OPEN_004,531,STOPPED,STRAIGHT
OPEN_004,532,STOPPED,STRAIGHT
OPEN_004,533,STOPPED,STRAIGHT
OPEN_004,534,STOPPED,STRAIGHT
OPEN_004,535,STOPPED,STRAIGHT
OPEN_004,536,STOPPED,STRAIGHT
OPEN_004,537,STOPPED,STRAIGHT
OPEN_004,538,STOPPED,STRAIGHT
OPEN_004,539,STOPPED,STRAIGHT
OPEN_004,540,STOPPED,STRAIGHT
OPEN_004,541,STOPPED,STRAIGHT
OPEN_004,542,STOPPED,STRAIGHT
OPEN_004,543,STOPPED,STRAIGHT
OPEN_004,544,STOPPED,STRAIGHT
OPEN_004,545,STOPPED,STRAIGHT
OPEN_004,546,STOPPED,STRAIGHT
OPEN_004,547,STOPPED,STRAIGHT
OPEN_004,548,STOPPED,STRAIGHT
OPEN_004,549,STOPPED,STRAIGHT
OPEN_004,550,STOPPED,STRAIGHT
OPEN_004,551,STOPPED,STRAIGHT
OPEN_004,552,STOPPED,STRAIGHT
OPEN_004,553,STOPPED,STRAIGHT
OPEN_004,554,STOPPED,STRAIGHT
OPEN_004,555,STOPPED,STRAIGHT
OPEN_004,556,STOPPED,STRAIGHT
OPEN_004,557,STOPPED,STRAIGHT
OPEN_004,558,STOPPED,STRAIGHT
OPEN_004,559,STOPPED,STRAIGHT
OPEN_004,560,STOPPED,STRAIGHT
OPEN_004,561,STOPPED,STRAIGHT
OPEN_004,562,STOPPED,STRAIGHT
OPEN_004,563,STOPPED,STRAIGHT
OPEN_004,564,STOPPED,STRAIGHT
OPEN_004,565,STOPPED,STRAIGHT
OPEN_004,566,STOPPED,STRAIGHT
OPEN_004,567,STOPPED,STRAIGHT
OPEN_004,568,STOPPED,STRAIGHT
OPEN_004,569,STOPPED,STRAIGHT
OPEN_004,570,STOPPED,STRAIGHT
OPEN_004,571,STOPPED,STRAIGHT
OPEN_004,572,STOPPED,STRAIGHT
OPEN_004,573,STOPPED,STRAIGHT
OPEN_004,574,STOPPED,STRAIGHT
OPEN_004,575,STOPPED,STRAIGHT
OPEN_004,576,STOPPED,STRAIGHT
OPEN_004,577,STOPPED,STRAIGHT
OPEN_004,578,STOPPED,STRAIGHT
OPEN_004,579,STOPPED,STRAIGHT
OPEN_004,580,STOPPED,STRAIGHT
OPEN_004,581,STOPPED,STRAIGHT
OPEN_004,582,STOPPED,STRAIGHT
OPEN_004,583,STOPPED,STRAIGHT
OPEN_004,584,STOPPED,STRAIGHT
OPEN_004,585,STOPPED,STRAIGHT
OPEN_004,586,STOPPED,STRAIGHT
OPEN_004,587,STOPPED,STRAIGHT
OPEN_004,588,STOPPED,STRAIGHT
OPEN_004,589,STOPPED,STRAIGHT
OPEN_004,590,STOPPED,STRAIGHT
OPEN_004,591,STOPPED,STRAIGHT
OPEN_004,592,STOPPED,STRAIGHT
OPEN_004,593,STOPPED,STRAIGHT
OPEN_004,594,STOPPED,STRAIGHT
OPEN_004,595,STOPPED,STRAIGHT
OPEN_004,596,STOPPED,STRAIGHT
OPEN_004,597,STOPPED,STRAIGHT
OPEN_004,598,STOPPED,STRAIGHT
OPEN_005,0,STOPPED,STRAIGHT
OPEN_005,1,STOPPED,STRAIGHT
OPEN_005,2,STOPPED,STRAIGHT
OPEN_005,3,STOPPED,STRAIGHT
OPEN_005,4,STOPPED,STRAIGHT
OPEN_005,5,STOPPED,STRAIGHT
OPEN_005,6,STOPPED,STRAIGHT
OPEN_005,7,STOPPED,STRAIGHT
OPEN_005,8,STOPPED,STRAIGHT
OPEN_005,9,STOPPED,STRAIGHT
OPEN_005,10,STOPPED,STRAIGHT
OPEN_005,11,STOPPED,STRAIGHT
OPEN_005,12,STOPPED,STRAIGHT
OPEN_005,13,STOPPED,STRAIGHT
OPEN_005,14,STOPPED,STRAIGHT
OPEN_005,15,STOPPED,STRAIGHT
OPEN_005,16,STOPPED,STRAIGHT
OPEN_005,17,STOPPED,STRAIGHT
OPEN_005,18,STOPPED,STRAIGHT
OPEN_005,19,STOPPED,STRAIGHT
OPEN_005,20,STOPPED,STRAIGHT
OPEN_005,21,STOPPED,STRAIGHT
OPEN_005,22,STOPPED,STRAIGHT
OPEN_005,23,STOPPED,STRAIGHT
OPEN_005,24,STOPPED,STRAIGHT
OPEN_005,25,STOPPED,STRAIGHT
OPEN_005,26,STOPPED,STRAIGHT
OPEN_005,27,STOPPED,STRAIGHT
OPEN_005,28,STOPPED,STRAIGHT
OPEN_005,29,STOPPED,STRAIGHT
OPEN_005,30,STOPPED,STRAIGHT
OPEN_005,31,STOPPED,STRAIGHT
OPEN_005,32,STOPPED,STRAIGHT
OPEN_005,33,STOPPED,RIGHT
OPEN_005,34,STOPPED,STRAIGHT
OPEN_005,35,STOPPED,STRAIGHT
OPEN_005,36,STOPPED,STRAIGHT
OPEN_005,37,STOPPED,LEFT
OPEN_005,38,STOPPED,LEFT
OPEN_005,39,STOPPED,STRAIGHT
OPEN_005,40,STOPPED,STRAIGHT
OPEN_005,41,STOPPED,STRAIGHT
OPEN_005,42,STOPPED,LEFT
OPEN_005,43,STOPPED,LEFT
OPEN_005,44,STOPPED,LEFT
OPEN_005,45,STOPPED,LEFT
OPEN_005,46,STOPPED,LEFT
OPEN_005,47,STOPPED,LEFT
OPEN_005,48,STOPPED,LEFT
OPEN_005,49,STOPPED,LEFT
OPEN_005,50,STOPPED,LEFT
OPEN_005,51,STOPPED,LEFT
OPEN_005,52,STOPPED,LEFT
OPEN_005,53,STOPPED,LEFT
OPEN_005,54,STOPPED,LEFT
OPEN_005,55,ACCELERATING,STRAIGHT
OPEN_005,56,ACCELERATING,STRAIGHT
OPEN_005,57,ACCELERATING,STRAIGHT
OPEN_005,58,ACCELERATING,STRAIGHT
OPEN_005,59,ACCELERATING,STRAIGHT
OPEN_005,60,ACCELERATING,STRAIGHT
OPEN_005,61,ACCELERATING,STRAIGHT
OPEN_005,62,ACCELERATING,STRAIGHT
OPEN_005,63,ACCELERATING,STRAIGHT
OPEN_005,64,ACCELERATING,STRAIGHT
OPEN_005,65,ACCELERATING,STRAIGHT
OPEN_005,66,ACCELERATING,STRAIGHT
OPEN_005,67,ACCELERATING,STRAIGHT
OPEN_005,68,ACCELERATING,STRAIGHT
OPEN_005,69,ACCELERATING,STRAIGHT
OPEN_005,70,ACCELERATING,STRAIGHT
OPEN_005,71,ACCELERATING,STRAIGHT
OPEN_005,72,ACCELERATING,STRAIGHT
OPEN_005,73,ACCELERATING,STRAIGHT
OPEN_005,74,ACCELERATING,STRAIGHT
OPEN_005,75,ACCELERATING,STRAIGHT
OPEN_005,76,ACCELERATING,STRAIGHT
OPEN_005,77,ACCELERATING,STRAIGHT
OPEN_005,78,ACCELERATING,STRAIGHT
OPEN_005,79,ACCELERATING,STRAIGHT
OPEN_005,80,ACCELERATING,STRAIGHT
OPEN_005,81,ACCELERATING,STRAIGHT
OPEN_005,82,ACCELERATING,STRAIGHT
OPEN_005,83,ACCELERATING,STRAIGHT
OPEN_005,84,ACCELERATING,STRAIGHT
OPEN_005,85,ACCELERATING,STRAIGHT
OPEN_005,86,ACCELERATING,STRAIGHT
OPEN_005,87,ACCELERATING,STRAIGHT
OPEN_005,88,ACCELERATING,STRAIGHT
OPEN_005,89,ACCELERATING,STRAIGHT
OPEN_005,90,ACCELERATING,STRAIGHT
OPEN_005,91,DECELERATING,STRAIGHT
OPEN_005,92,DECELERATING,STRAIGHT
OPEN_005,93,DECELERATING,STRAIGHT
OPEN_005,94,DECELERATING,STRAIGHT
OPEN_005,95,DECELERATING,STRAIGHT
OPEN_005,96,DECELERATING,STRAIGHT
OPEN_005,97,DECELERATING,STRAIGHT
OPEN_005,98,DECELERATING,STRAIGHT
OPEN_005,99,DECELERATING,STRAIGHT
OPEN_005,100,DECELERATING,LEFT
OPEN_005,101,DECELERATING,STRAIGHT
OPEN_005,102,DECELERATING,STRAIGHT
OPEN_005,103,DECELERATING,STRAIGHT
OPEN_005,104,DECELERATING,LEFT
OPEN_005,105,DECELERATING,LEFT
OPEN_005,106,ACCELERATING,LEFT
OPEN_005,107,ACCELERATING,LEFT
OPEN_005,108,ACCELERATING,STRAIGHT
OPEN_005,109,ACCELERATING,STRAIGHT
OPEN_005,110,ACCELERATING,STRAIGHT
OPEN_005,111,ACCELERATING,STRAIGHT
OPEN_005,112,ACCELERATING,STRAIGHT
OPEN_005,113,ACCELERATING,STRAIGHT
OPEN_005,114,ACCELERATING,STRAIGHT
OPEN_005,115,ACCELERATING,STRAIGHT
OPEN_005,116,ACCELERATING,STRAIGHT
OPEN_005,117,ACCELERATING,STRAIGHT
OPEN_005,118,ACCELERATING,STRAIGHT
OPEN_005,119,ACCELERATING,STRAIGHT
OPEN_005,120,ACCELERATING,STRAIGHT
OPEN_005,121,ACCELERATING,STRAIGHT
OPEN_005,122,ACCELERATING,STRAIGHT
OPEN_005,123,ACCELERATING,STRAIGHT
OPEN_005,124,ACCELERATING,STRAIGHT
OPEN_005,125,ACCELERATING,STRAIGHT
OPEN_005,126,ACCELERATING,STRAIGHT
OPEN_005,127,CONSTANT,STRAIGHT
OPEN_005,128,CONSTANT,STRAIGHT
OPEN_005,129,CONSTANT,STRAIGHT
OPEN_005,130,CONSTANT,STRAIGHT
OPEN_005,131,CONSTANT,STRAIGHT
OPEN_005,132,CONSTANT,STRAIGHT
OPEN_005,133,CONSTANT,STRAIGHT
OPEN_005,134,CONSTANT,STRAIGHT
OPEN_005,135,CONSTANT,STRAIGHT
OPEN_005,136,CONSTANT,STRAIGHT
OPEN_005,137,CONSTANT,STRAIGHT
OPEN_005,138,CONSTANT,STRAIGHT
OPEN_005,139,CONSTANT,STRAIGHT
OPEN_005,140,CONSTANT,STRAIGHT
OPEN_005,141,CONSTANT,STRAIGHT
OPEN_005,142,CONSTANT,STRAIGHT
OPEN_005,143,CONSTANT,STRAIGHT
OPEN_005,144,CONSTANT,STRAIGHT
OPEN_005,145,CONSTANT,STRAIGHT
OPEN_005,146,CONSTANT,STRAIGHT
OPEN_005,147,CONSTANT,STRAIGHT
OPEN_005,148,CONSTANT,STRAIGHT
OPEN_005,149,CONSTANT,STRAIGHT
OPEN_005,150,CONSTANT,STRAIGHT
OPEN_005,151,CONSTANT,STRAIGHT
OPEN_005,152,CONSTANT,STRAIGHT
OPEN_005,153,CONSTANT,STRAIGHT
OPEN_005,154,CONSTANT,STRAIGHT
OPEN_005,155,CONSTANT,STRAIGHT
OPEN_005,156,CONSTANT,STRAIGHT
OPEN_005,157,CONSTANT,STRAIGHT
OPEN_005,158,CONSTANT,STRAIGHT
OPEN_005,159,CONSTANT,STRAIGHT
OPEN_005,160,CONSTANT,STRAIGHT
OPEN_005,161,CONSTANT,STRAIGHT
OPEN_005,162,CONSTANT,STRAIGHT
OPEN_005,163,CONSTANT,STRAIGHT
OPEN_005,164,CONSTANT,STRAIGHT
OPEN_005,165,ACCELERATING,STRAIGHT
OPEN_005,166,ACCELERATING,STRAIGHT
OPEN_005,167,ACCELERATING,STRAIGHT
OPEN_005,168,ACCELERATING,STRAIGHT
OPEN_005,169,ACCELERATING,STRAIGHT
OPEN_005,170,DECELERATING,LEFT
OPEN_005,171,ACCELERATING,LEFT
OPEN_005,172,ACCELERATING,LEFT
OPEN_005,173,CONSTANT,LEFT
OPEN_005,174,CONSTANT,LEFT
OPEN_005,175,CONSTANT,LEFT
OPEN_005,176,CONSTANT,LEFT
OPEN_005,177,CONSTANT,LEFT
OPEN_005,178,CONSTANT,LEFT
OPEN_005,179,CONSTANT,LEFT
OPEN_005,180,CONSTANT,LEFT
OPEN_005,181,CONSTANT,LEFT
OPEN_005,182,DECELERATING,LEFT
OPEN_005,183,CONSTANT,LEFT
OPEN_005,184,CONSTANT,LEFT
OPEN_005,185,CONSTANT,LEFT
OPEN_005,186,CONSTANT,LEFT
OPEN_005,187,CONSTANT,LEFT
OPEN_005,188,CONSTANT,LEFT
OPEN_005,189,CONSTANT,LEFT
OPEN_005,190,CONSTANT,LEFT
OPEN_005,191,CONSTANT,LEFT
OPEN_005,192,CONSTANT,LEFT
OPEN_005,193,CONSTANT,LEFT
OPEN_005,194,ACCELERATING,LEFT
OPEN_005,195,ACCELERATING,LEFT
OPEN_005,196,ACCELERATING,LEFT
OPEN_005,197,ACCELERATING,LEFT
OPEN_005,198,ACCELERATING,LEFT
OPEN_005,199,ACCELERATING,LEFT
OPEN_005,200,ACCELERATING,LEFT
OPEN_005,201,CONSTANT,LEFT
OPEN_005,202,CONSTANT,LEFT
OPEN_005,203,ACCELERATING,LEFT
OPEN_005,204,ACCELERATING,LEFT
OPEN_005,205,CONSTANT,LEFT
OPEN_005,206,CONSTANT,LEFT
OPEN_005,207,CONSTANT,LEFT
OPEN_005,208,ACCELERATING,LEFT
OPEN_005,209,CONSTANT,LEFT
OPEN_005,210,CONSTANT,LEFT
OPEN_005,211,CONSTANT,STRAIGHT
OPEN_005,212,CONSTANT,STRAIGHT
OPEN_005,213,DECELERATING,STRAIGHT
OPEN_005,214,CONSTANT,STRAIGHT
OPEN_005,215,CONSTANT,STRAIGHT
OPEN_005,216,DECELERATING,STRAIGHT
OPEN_005,217,DECELERATING,STRAIGHT
OPEN_005,218,DECELERATING,STRAIGHT
OPEN_005,219,CONSTANT,STRAIGHT
OPEN_005,220,DECELERATING,STRAIGHT
OPEN_005,221,DECELERATING,STRAIGHT
OPEN_005,222,DECELERATING,STRAIGHT
OPEN_005,223,DECELERATING,STRAIGHT
OPEN_005,224,CONSTANT,STRAIGHT
OPEN_005,225,CONSTANT,STRAIGHT
OPEN_005,226,CONSTANT,STRAIGHT
OPEN_005,227,CONSTANT,STRAIGHT
OPEN_005,228,CONSTANT,STRAIGHT
OPEN_005,229,CONSTANT,STRAIGHT
OPEN_005,230,CONSTANT,STRAIGHT
OPEN_005,231,CONSTANT,STRAIGHT
OPEN_005,232,CONSTANT,STRAIGHT
OPEN_005,233,CONSTANT,STRAIGHT
OPEN_005,234,ACCELERATING,STRAIGHT
OPEN_005,235,ACCELERATING,STRAIGHT
OPEN_005,236,ACCELERATING,STRAIGHT
OPEN_005,237,ACCELERATING,STRAIGHT
OPEN_005,238,ACCELERATING,STRAIGHT
OPEN_005,239,ACCELERATING,STRAIGHT
OPEN_005,240,ACCELERATING,STRAIGHT
OPEN_005,241,ACCELERATING,STRAIGHT
OPEN_005,242,ACCELERATING,STRAIGHT
OPEN_005,243,ACCELERATING,STRAIGHT
OPEN_005,244,ACCELERATING,STRAIGHT
OPEN_005,245,ACCELERATING,STRAIGHT
OPEN_005,246,ACCELERATING,STRAIGHT
OPEN_005,247,ACCELERATING,STRAIGHT
OPEN_005,248,ACCELERATING,STRAIGHT
OPEN_005,249,ACCELERATING,STRAIGHT
OPEN_005,250,ACCELERATING,STRAIGHT
OPEN_005,251,ACCELERATING,STRAIGHT
OPEN_005,252,ACCELERATING,STRAIGHT
OPEN_005,253,ACCELERATING,STRAIGHT
OPEN_005,254,ACCELERATING,STRAIGHT
OPEN_005,255,ACCELERATING,STRAIGHT
OPEN_005,256,ACCELERATING,STRAIGHT
OPEN_005,257,DECELERATING,STRAIGHT
OPEN_005,258,ACCELERATING,STRAIGHT
OPEN_005,259,ACCELERATING,STRAIGHT
OPEN_005,260,ACCELERATING,STRAIGHT
OPEN_005,261,ACCELERATING,STRAIGHT
OPEN_005,262,ACCELERATING,STRAIGHT
OPEN_005,263,ACCELERATING,STRAIGHT
OPEN_005,264,ACCELERATING,STRAIGHT
OPEN_005,265,ACCELERATING,STRAIGHT
OPEN_005,266,ACCELERATING,STRAIGHT
OPEN_005,267,CONSTANT,STRAIGHT
OPEN_005,268,ACCELERATING,STRAIGHT
OPEN_005,269,ACCELERATING,STRAIGHT
OPEN_005,270,DECELERATING,STRAIGHT
OPEN_005,271,DECELERATING,STRAIGHT
OPEN_005,272,DECELERATING,STRAIGHT
OPEN_005,273,DECELERATING,STRAIGHT
OPEN_005,274,DECELERATING,STRAIGHT
OPEN_005,275,ACCELERATING,RIGHT
OPEN_005,276,ACCELERATING,RIGHT
OPEN_005,277,DECELERATING,RIGHT
OPEN_005,278,DECELERATING,RIGHT
OPEN_005,279,CONSTANT,RIGHT
OPEN_005,280,DECELERATING,RIGHT
OPEN_005,281,DECELERATING,RIGHT
OPEN_005,282,CONSTANT,RIGHT
OPEN_005,283,CONSTANT,RIGHT
OPEN_005,284,CONSTANT,RIGHT
OPEN_005,285,CONSTANT,RIGHT
OPEN_005,286,CONSTANT,RIGHT
OPEN_005,287,CONSTANT,STRAIGHT
OPEN_005,288,CONSTANT,STRAIGHT
OPEN_005,289,CONSTANT,STRAIGHT
OPEN_005,290,CONSTANT,STRAIGHT
OPEN_005,291,CONSTANT,STRAIGHT
OPEN_005,292,CONSTANT,STRAIGHT
OPEN_005,293,CONSTANT,STRAIGHT
OPEN_005,294,CONSTANT,STRAIGHT
OPEN_005,295,ACCELERATING,STRAIGHT
OPEN_005,296,CONSTANT,STRAIGHT
OPEN_005,297,CONSTANT,STRAIGHT
OPEN_005,298,ACCELERATING,STRAIGHT
OPEN_005,299,ACCELERATING,STRAIGHT
OPEN_005,300,CONSTANT,STRAIGHT
OPEN_005,301,CONSTANT,STRAIGHT
OPEN_005,302,CONSTANT,STRAIGHT
OPEN_005,303,CONSTANT,STRAIGHT
OPEN_005,304,CONSTANT,STRAIGHT
OPEN_005,305,CONSTANT,STRAIGHT
OPEN_005,306,CONSTANT,STRAIGHT
OPEN_005,307,CONSTANT,STRAIGHT
OPEN_005,308,CONSTANT,STRAIGHT
OPEN_005,309,CONSTANT,STRAIGHT
OPEN_005,310,CONSTANT,STRAIGHT
OPEN_005,311,CONSTANT,STRAIGHT
OPEN_005,312,CONSTANT,STRAIGHT
OPEN_005,313,CONSTANT,STRAIGHT
OPEN_005,314,CONSTANT,STRAIGHT
OPEN_005,315,DECELERATING,STRAIGHT
OPEN_005,316,DECELERATING,STRAIGHT
OPEN_005,317,DECELERATING,STRAIGHT
OPEN_005,318,DECELERATING,RIGHT
OPEN_005,319,DECELERATING,RIGHT
OPEN_005,320,DECELERATING,RIGHT
OPEN_005,321,DECELERATING,RIGHT
OPEN_005,322,CONSTANT,RIGHT
OPEN_005,323,CONSTANT,RIGHT
OPEN_005,324,CONSTANT,RIGHT
OPEN_005,325,CONSTANT,RIGHT
OPEN_005,326,CONSTANT,RIGHT
OPEN_005,327,CONSTANT,RIGHT
OPEN_005,328,CONSTANT,RIGHT
OPEN_005,329,CONSTANT,RIGHT
OPEN_005,330,CONSTANT,RIGHT
OPEN_005,331,CONSTANT,RIGHT
OPEN_005,332,CONSTANT,STRAIGHT
OPEN_005,333,CONSTANT,STRAIGHT
OPEN_005,334,CONSTANT,STRAIGHT
OPEN_005,335,CONSTANT,STRAIGHT
OPEN_005,336,CONSTANT,STRAIGHT
OPEN_005,337,CONSTANT,STRAIGHT
OPEN_005,338,CONSTANT,RIGHT
OPEN_005,339,CONSTANT,RIGHT
OPEN_005,340,CONSTANT,RIGHT
OPEN_005,341,CONSTANT,RIGHT
OPEN_005,342,CONSTANT,RIGHT
OPEN_005,343,CONSTANT,RIGHT
OPEN_005,344,CONSTANT,RIGHT
OPEN_005,345,CONSTANT,RIGHT
OPEN_005,346,CONSTANT,RIGHT
OPEN_005,347,CONSTANT,RIGHT
OPEN_005,348,CONSTANT,RIGHT
OPEN_005,349,CONSTANT,RIGHT
OPEN_005,350,CONSTANT,RIGHT
OPEN_005,351,CONSTANT,RIGHT
OPEN_005,352,CONSTANT,RIGHT
OPEN_005,353,CONSTANT,RIGHT
OPEN_005,354,CONSTANT,RIGHT
OPEN_005,355,CONSTANT,RIGHT
OPEN_005,356,CONSTANT,RIGHT
OPEN_005,357,CONSTANT,RIGHT
OPEN_005,358,CONSTANT,RIGHT
OPEN_005,359,CONSTANT,RIGHT
OPEN_005,360,CONSTANT,RIGHT
OPEN_005,361,CONSTANT,RIGHT
OPEN_005,362,DECELERATING,RIGHT
OPEN_005,363,CONSTANT,RIGHT
OPEN_005,364,CONSTANT,RIGHT
OPEN_005,365,CONSTANT,RIGHT
OPEN_005,366,CONSTANT,RIGHT
OPEN_005,367,CONSTANT,RIGHT
OPEN_005,368,CONSTANT,RIGHT
OPEN_005,369,CONSTANT,RIGHT
OPEN_005,370,CONSTANT,RIGHT
OPEN_005,371,CONSTANT,RIGHT
OPEN_005,372,CONSTANT,STRAIGHT
OPEN_005,373,CONSTANT,STRAIGHT
OPEN_005,374,CONSTANT,STRAIGHT
OPEN_005,375,CONSTANT,STRAIGHT
OPEN_005,376,CONSTANT,STRAIGHT
OPEN_005,377,CONSTANT,STRAIGHT
OPEN_005,378,CONSTANT,STRAIGHT
OPEN_005,379,CONSTANT,STRAIGHT
OPEN_005,380,CONSTANT,STRAIGHT
OPEN_005,381,CONSTANT,STRAIGHT
OPEN_005,382,CONSTANT,STRAIGHT
OPEN_005,383,CONSTANT,STRAIGHT
OPEN_005,384,CONSTANT,STRAIGHT
OPEN_005,385,CONSTANT,STRAIGHT
OPEN_005,386,CONSTANT,STRAIGHT
OPEN_005,387,CONSTANT,STRAIGHT
OPEN_005,388,CONSTANT,STRAIGHT
OPEN_005,389,CONSTANT,STRAIGHT
OPEN_005,390,CONSTANT,STRAIGHT
OPEN_005,391,CONSTANT,STRAIGHT
OPEN_005,392,CONSTANT,STRAIGHT
OPEN_005,393,CONSTANT,STRAIGHT
OPEN_005,394,CONSTANT,STRAIGHT
OPEN_005,395,CONSTANT,RIGHT
OPEN_005,396,CONSTANT,RIGHT
OPEN_005,397,CONSTANT,RIGHT
OPEN_005,398,CONSTANT,RIGHT
OPEN_005,399,CONSTANT,STRAIGHT
OPEN_005,400,CONSTANT,STRAIGHT
OPEN_005,401,CONSTANT,STRAIGHT
OPEN_005,402,CONSTANT,STRAIGHT
OPEN_005,403,CONSTANT,STRAIGHT
OPEN_005,404,CONSTANT,RIGHT
OPEN_005,405,CONSTANT,RIGHT
OPEN_005,406,CONSTANT,RIGHT
OPEN_005,407,CONSTANT,RIGHT
OPEN_005,408,CONSTANT,RIGHT
OPEN_005,409,CONSTANT,RIGHT
OPEN_005,410,CONSTANT,RIGHT
OPEN_005,411,CONSTANT,RIGHT
OPEN_005,412,CONSTANT,RIGHT
OPEN_005,413,CONSTANT,RIGHT
OPEN_005,414,CONSTANT,STRAIGHT
OPEN_005,415,CONSTANT,STRAIGHT
OPEN_005,416,CONSTANT,STRAIGHT
OPEN_005,417,CONSTANT,STRAIGHT
OPEN_005,418,CONSTANT,RIGHT
OPEN_005,419,CONSTANT,RIGHT
OPEN_005,420,CONSTANT,RIGHT
OPEN_005,421,CONSTANT,RIGHT
OPEN_005,422,CONSTANT,RIGHT
OPEN_005,423,CONSTANT,RIGHT
OPEN_005,424,CONSTANT,RIGHT
OPEN_005,425,CONSTANT,STRAIGHT
OPEN_005,426,CONSTANT,STRAIGHT
OPEN_005,427,CONSTANT,STRAIGHT
OPEN_005,428,CONSTANT,STRAIGHT
OPEN_005,429,CONSTANT,STRAIGHT
OPEN_005,430,CONSTANT,STRAIGHT
OPEN_005,431,CONSTANT,RIGHT
OPEN_005,432,CONSTANT,STRAIGHT
OPEN_005,433,CONSTANT,RIGHT
OPEN_005,434,CONSTANT,STRAIGHT
OPEN_005,435,CONSTANT,STRAIGHT
OPEN_005,436,CONSTANT,STRAIGHT
OPEN_005,437,CONSTANT,STRAIGHT
OPEN_005,438,CONSTANT,STRAIGHT
OPEN_005,439,CONSTANT,STRAIGHT
OPEN_005,440,CONSTANT,STRAIGHT
OPEN_005,441,CONSTANT,STRAIGHT
OPEN_005,442,CONSTANT,STRAIGHT
OPEN_005,443,CONSTANT,STRAIGHT
OPEN_005,444,CONSTANT,STRAIGHT
OPEN_005,445,CONSTANT,STRAIGHT
OPEN_005,446,CONSTANT,STRAIGHT
OPEN_005,447,CONSTANT,STRAIGHT
OPEN_005,448,CONSTANT,STRAIGHT
OPEN_005,449,CONSTANT,STRAIGHT
OPEN_005,450,CONSTANT,STRAIGHT
OPEN_005,451,CONSTANT,STRAIGHT
OPEN_005,452,CONSTANT,STRAIGHT
OPEN_005,453,CONSTANT,STRAIGHT
OPEN_005,454,CONSTANT,STRAIGHT
OPEN_005,455,CONSTANT,STRAIGHT
OPEN_005,456,CONSTANT,STRAIGHT
OPEN_005,457,CONSTANT,STRAIGHT
OPEN_005,458,CONSTANT,STRAIGHT
OPEN_005,459,CONSTANT,STRAIGHT
OPEN_005,460,CONSTANT,STRAIGHT
OPEN_005,461,CONSTANT,STRAIGHT
OPEN_005,462,CONSTANT,STRAIGHT
OPEN_005,463,CONSTANT,STRAIGHT
OPEN_005,464,CONSTANT,STRAIGHT
OPEN_005,465,CONSTANT,STRAIGHT
OPEN_005,466,CONSTANT,STRAIGHT
OPEN_005,467,CONSTANT,STRAIGHT
OPEN_005,468,CONSTANT,STRAIGHT
OPEN_005,469,CONSTANT,STRAIGHT
OPEN_005,470,CONSTANT,STRAIGHT
OPEN_005,471,CONSTANT,STRAIGHT
OPEN_005,472,CONSTANT,STRAIGHT
OPEN_005,473,CONSTANT,STRAIGHT
OPEN_005,474,CONSTANT,STRAIGHT
OPEN_005,475,CONSTANT,STRAIGHT
OPEN_005,476,CONSTANT,STRAIGHT
OPEN_005,477,CONSTANT,STRAIGHT
OPEN_005,478,CONSTANT,STRAIGHT
OPEN_005,479,CONSTANT,STRAIGHT
OPEN_005,480,CONSTANT,STRAIGHT
OPEN_005,481,CONSTANT,STRAIGHT
OPEN_005,482,CONSTANT,STRAIGHT
OPEN_005,483,CONSTANT,STRAIGHT
OPEN_005,484,CONSTANT,STRAIGHT
OPEN_005,485,CONSTANT,STRAIGHT
OPEN_005,486,CONSTANT,STRAIGHT
OPEN_005,487,CONSTANT,STRAIGHT
OPEN_005,488,CONSTANT,STRAIGHT
OPEN_005,489,CONSTANT,STRAIGHT
OPEN_005,490,CONSTANT,STRAIGHT
OPEN_005,491,CONSTANT,STRAIGHT
OPEN_005,492,CONSTANT,STRAIGHT
OPEN_005,493,CONSTANT,STRAIGHT
OPEN_005,494,CONSTANT,STRAIGHT
OPEN_005,495,CONSTANT,STRAIGHT
OPEN_005,496,CONSTANT,STRAIGHT
OPEN_005,497,CONSTANT,STRAIGHT
OPEN_005,498,CONSTANT,STRAIGHT
OPEN_005,499,CONSTANT,STRAIGHT
OPEN_005,500,CONSTANT,STRAIGHT
OPEN_005,501,CONSTANT,STRAIGHT
OPEN_005,502,CONSTANT,STRAIGHT
OPEN_005,503,CONSTANT,STRAIGHT
OPEN_005,504,CONSTANT,STRAIGHT
OPEN_005,505,CONSTANT,STRAIGHT
OPEN_005,506,CONSTANT,STRAIGHT
OPEN_005,507,CONSTANT,STRAIGHT
OPEN_005,508,CONSTANT,STRAIGHT
OPEN_005,509,CONSTANT,STRAIGHT
OPEN_005,510,CONSTANT,STRAIGHT
OPEN_005,511,CONSTANT,STRAIGHT
OPEN_005,512,CONSTANT,STRAIGHT
OPEN_005,513,CONSTANT,STRAIGHT
OPEN_005,514,CONSTANT,STRAIGHT
OPEN_005,515,CONSTANT,STRAIGHT
OPEN_005,516,CONSTANT,STRAIGHT
OPEN_005,517,CONSTANT,STRAIGHT
OPEN_005,518,CONSTANT,STRAIGHT
OPEN_005,519,CONSTANT,STRAIGHT
OPEN_005,520,CONSTANT,STRAIGHT
OPEN_005,521,CONSTANT,STRAIGHT
OPEN_005,522,CONSTANT,STRAIGHT
OPEN_005,523,CONSTANT,STRAIGHT
OPEN_005,524,CONSTANT,STRAIGHT
OPEN_005,525,CONSTANT,STRAIGHT
OPEN_005,526,CONSTANT,STRAIGHT
OPEN_005,527,CONSTANT,STRAIGHT
OPEN_005,528,CONSTANT,STRAIGHT
OPEN_005,529,CONSTANT,STRAIGHT
OPEN_005,530,CONSTANT,STRAIGHT
OPEN_005,531,DECELERATING,STRAIGHT
OPEN_005,532,ACCELERATING,STRAIGHT
OPEN_005,533,ACCELERATING,STRAIGHT
OPEN_005,534,CONSTANT,STRAIGHT
OPEN_005,535,CONSTANT,STRAIGHT
OPEN_005,536,DECELERATING,STRAIGHT
OPEN_005,537,CONSTANT,STRAIGHT
OPEN_005,538,CONSTANT,STRAIGHT
OPEN_005,539,CONSTANT,STRAIGHT
OPEN_005,540,CONSTANT,STRAIGHT
OPEN_005,541,CONSTANT,STRAIGHT
OPEN_005,542,CONSTANT,STRAIGHT
OPEN_005,543,CONSTANT,STRAIGHT
OPEN_005,544,CONSTANT,STRAIGHT
OPEN_005,545,CONSTANT,STRAIGHT
OPEN_005,546,CONSTANT,STRAIGHT
OPEN_005,547,DECELERATING,STRAIGHT
OPEN_005,548,DECELERATING,STRAIGHT
OPEN_005,549,DECELERATING,STRAIGHT
OPEN_005,550,DECELERATING,STRAIGHT
OPEN_005,551,DECELERATING,STRAIGHT
OPEN_005,552,DECELERATING,STRAIGHT
OPEN_005,553,DECELERATING,STRAIGHT
OPEN_005,554,DECELERATING,STRAIGHT
OPEN_005,555,DECELERATING,STRAIGHT
OPEN_005,556,CONSTANT,STRAIGHT
OPEN_005,557,CONSTANT,STRAIGHT
OPEN_005,558,CONSTANT,STRAIGHT
OPEN_005,559,CONSTANT,RIGHT
OPEN_005,560,CONSTANT,RIGHT
OPEN_005,561,CONSTANT,RIGHT
OPEN_005,562,CONSTANT,RIGHT
OPEN_005,563,CONSTANT,RIGHT
OPEN_005,564,CONSTANT,RIGHT
OPEN_005,565,CONSTANT,RIGHT
OPEN_005,566,CONSTANT,RIGHT
OPEN_005,567,CONSTANT,RIGHT
OPEN_005,568,CONSTANT,RIGHT
OPEN_005,569,CONSTANT,RIGHT
OPEN_005,570,CONSTANT,RIGHT
OPEN_005,571,CONSTANT,RIGHT
OPEN_005,572,CONSTANT,RIGHT
OPEN_005,573,CONSTANT,RIGHT
OPEN_005,574,CONSTANT,RIGHT
OPEN_005,575,CONSTANT,RIGHT
OPEN_005,576,CONSTANT,RIGHT
OPEN_005,577,DECELERATING,RIGHT
OPEN_005,578,DECELERATING,RIGHT
OPEN_005,579,CONSTANT,RIGHT
OPEN_005,580,CONSTANT,RIGHT
OPEN_005,581,CONSTANT,RIGHT
OPEN_005,582,CONSTANT,STRAIGHT
OPEN_005,583,CONSTANT,RIGHT
OPEN_005,584,CONSTANT,RIGHT
OPEN_005,585,CONSTANT,RIGHT
OPEN_005,586,CONSTANT,RIGHT
OPEN_005,587,CONSTANT,RIGHT
OPEN_005,588,CONSTANT,RIGHT
OPEN_005,589,CONSTANT,RIGHT
OPEN_005,590,CONSTANT,RIGHT
OPEN_005,591,CONSTANT,RIGHT
OPEN_005,592,CONSTANT,RIGHT
OPEN_005,593,CONSTANT,RIGHT
OPEN_005,594,CONSTANT,RIGHT
OPEN_005,595,CONSTANT,STRAIGHT
OPEN_005,596,CONSTANT,STRAIGHT
OPEN_005,597,CONSTANT,STRAIGHT
OPEN_005,598,CONSTANT,STRAIGHT
