patch_median_0,patch_median_1,patch_median_2,patch_median_3,patch_median_4,patch_median_5,patch_median_6,patch_median_7,patch_median_8,patch_median_9,patch_median_10,patch_median_11,patch_median_12,patch_median_13,patch_median_14,patch_median_15,patch_median_16,patch_median_17,patch_median_18,patch_q90_0,patch_q90_1,patch_q90_2,patch_q90_3,patch_q90_4,patch_q90_5,patch_q90_6,patch_q90_7,patch_q90_8,patch_q90_9,patch_q90_10,patch_q90_11,patch_q90_12,patch_q90_13,patch_q90_14,patch_q90_15,patch_q90_16,patch_q90_17,patch_q90_18,border_0,border_1,border_2,border_3,border_4,border_5,border_6,border_7,border_8,border_9,border_10,border_11,ID
0.1514299511909485,0.006432048976421356,0.03608228638768196,0.11757117509841919,0.3392132937908173,0.0,5.425347222222222e-05,0.1718132421374321,0.09935408619810968,0.26886641916175524,0.22674982447850278,0.19760593200421078,0.17768245568696034,3.5916791452873538,0.22284715079251965,0.06144456535904924,0.7749572550270402,0.22053977778908085,0.12585893248193802,0.2170941710472107,0.008701219782233238,0.05068903304636478,0.18205087035894396,0.5199997949600221,0.02332899305555556,0.001920572916666667,0.25965032875537875,0.25987633382231345,0.41085979947194623,0.2745254051789037,0.2610184566595609,0.24836867202516663,4.543983120173093,0.4889031795255604,0.1369041541057114,1.4889048798757119,0.4717999902265482,0.17186198372484232,0.45294247567653656,0.26340559124946594,0.24375,0.04065152630209923,0.025050826370716095,0.26458333333333334,0.003921568859368563,0.0,1.0,0.003921568859368563,0.0,1.0,S1_O_001
0.06849846988916397,0.0015701280208304524,0.011244239285588264,0.024070285260677338,0.07843136787414551,0.0,0.0,0.07801669836044312,0.04503721666937296,0.18577792338197108,0.26002236911587884,0.25704635119669356,0.23624210685052,3.820600304679047,0.2978096099665048,0.07551750139781471,0.9568259237093577,0.262354696077152,0.16531979311172157,0.10110886320471764,0.0038436408620327713,0.026262369565665723,0.07681465595960617,0.2302952368557457,0.0,6.239149305555567e-05,0.30053520798683164,0.21059018980853905,0.26722745800036535,0.2912870434122544,0.2838418325057977,0.262898573251677,4.513225380943255,0.48021731524757966,0.15822123916071612,1.4728814891803612,0.46499530716933274,0.32384151284613205,0.5520268082618713,0.32274945080280304,0.24375,0.07332251965999603,0.045287834480404854,0.25,0.0,0.0,1.0,0.0,0.0,1.0,S1_O_002
0.08864545449614525,0.0029268249636515975,0.02350541017949581,0.05105164647102356,0.1884000301361084,0.0,0.0,0.033752892166376114,0.05569997118220128,0.2249536241414098,0.26908595815807446,0.22443602690222855,0.219987263401925,4.035049606687558,0.29617636368198597,0.05628377312621767,0.35284019868928773,0.23619916504347813,0.12706049512575907,0.16518601924180984,0.013151548895984888,0.09503736048936844,0.20255674421787262,0.5087682706117641,0.004454210069444444,8.138020833333333e-05,0.10163202509284021,0.12357878496407844,0.40162015037355236,0.2918308887247172,0.2683798708960892,0.2640734339133907,4.647121625322402,0.6421894574833453,0.1494377979150212,0.5986239446317032,0.5337896675375196,0.22537233817345417,0.6450757384300232,0.19217745959758759,0.0,0.14869645237922668,0.08763599023222923,0.0,0.28357037901878357,0.1107993796467781,0.0,0.4969913810491562,0.2092091515660286,0.0,S1_O_003
0.11881588771939278,0.0023445673286914825,0.016405836679041386,0.050176966935396194,0.10980379581451416,0.006510416666666666,0.1278618706597222,0.033360566943883896,0.13106302946272133,0.2624809888801932,0.2201452494675627,0.17717782062409326,0.1740856350766547,3.8618550322551615,0.1552616862327545,0.09913408365284873,0.3937717974610375,0.23399929425774596,0.16588958174041532,0.33133679032325747,0.005914166010916233,0.03133452665060759,0.16088951379060745,0.4793793305754667,0.4237250434027778,0.4116075303819444,0.04898198768496513,0.33800395037255665,0.44814093229817514,0.3025788591261726,0.2714499648188514,0.25696376271308474,4.8415818372355375,0.4410754147196839,0.30385472574434985,0.9038224717826931,0.40327916934875807,0.2387093233668059,0.8976923525333405,0.10881821066141129,0.0,0.006871767109259963,0.022018984891474247,0.9385416666666666,0.4669685810804367,0.4132182151079178,0.1638888888888889,0.296720489859581,0.3920952379703522,0.5758680555555555,S1_O_004
0.09707430005073547,0.004180514253675938,0.03695366345345974,0.07100306451320648,0.17954127490520477,0.0001220703125,0.0,0.07648904249072075,0.08552255857081843,0.3261567895237838,0.20735283282750683,0.1801016536891385,0.16980602252592542,4.097721127672208,0.18697691592896454,0.07034633136967859,0.22346351160265465,0.15205937348364773,0.3217416280365192,0.256520476937294,0.009443052019923926,0.055035204812884334,0.16683862954378129,0.4932331600785263,0.091064453125,0.03264431423611112,0.08746114224195481,0.179273225928612,0.5120206679481595,0.28455670386992343,0.2712564804025839,0.2523733983244889,4.712363310003951,0.33716588729079233,0.16764083154725665,0.40973144050299976,0.25469569929662356,0.9222590075372558,0.666354238986969,0.3938571959733963,0.24375,0.07366225868463516,0.04948693327605724,0.2572916666666667,0.0019607844296842813,0.0,1.0,0.0019607844296842813,0.0,1.0,S1_O_005
0.16191662102937698,0.00828235363587737,0.057775309309363365,0.1234341524541378,0.34146289527416285,0.0006510416666666666,0.00013563368055555556,0.1576734110713005,0.06621171358178451,0.1381798176386333,0.08987635648239242,0.22149279506366076,0.47343522595510734,4.2463421687489635,0.28589281447890547,0.06099999681294908,0.4676626284647606,0.2728933929542152,0.12697579285007843,0.23241495341062546,0.01212482862174511,0.08457976877689362,0.1846472129225731,0.5399652671813973,0.5664035373263889,0.010362413194444446,0.23704484403133394,0.09622459349784801,0.17368378960707748,0.17751206450539275,0.2753141571664691,0.5863184863221709,4.788366642966695,0.6874548354320734,0.25261369584904325,1.0232076667392556,0.6027431334311453,0.23161214200111063,0.4539969563484192,0.2661880552768707,0.24375,0.010348626412451267,0.011615916155278683,0.870703125,0.0,0.0,1.0,0.0,0.0,1.0,S1_R_001
0.07396237179636955,0.0018497317796573043,0.012353985104709864,0.028788341209292412,0.0692120790481568,0.0,0.0,0.07240753248333931,0.05478860018883491,0.14694230783072856,0.1807087896458766,0.22867847358376453,0.38764866932881326,3.489466032075755,0.21225748412078607,0.05325990186095188,0.8973534415892455,0.28625141861341985,0.12411828456527448,0.10878043100237847,0.005134736048057676,0.041731178387999536,0.08161014318466187,0.24073666870594038,0.04360622829861112,0.0341525607638889,0.27676533758640287,0.09289915784987375,0.1870621034710651,0.2222645361649331,0.24974374044095496,0.6318719539529357,4.809327788804926,0.5186223789444119,0.12511085906508693,1.3398704537766053,0.4054449787540774,0.22775317373405932,0.5610534846782684,0.3302937150001526,0.24375,0.042591141536831856,0.03161708824336529,0.312109375,0.0,0.0,1.0,0.0,0.0,1.0,S1_R_002
0.09543705731630325,0.0038929416332393885,0.032427454367280006,0.057056110352277756,0.1794336147606376,0.0,0.0,0.03806189261376858,0.056603862596755455,0.16909061718947258,0.13172784081127314,0.23967733361388696,0.37800456593299103,4.022807811728838,0.3018448785090772,0.051611787465530384,0.37893563618206594,0.2522844810927747,0.12827141432484157,0.17763819098472597,0.014879765547811986,0.12786738872528075,0.20239794999361038,0.5179731565713902,0.005528428819444445,2.712673611111111e-05,0.09182946756482126,0.07771827762816577,0.19876850357848624,0.2188880469445245,0.2919335175802136,0.4824249493395141,4.71270454984499,0.5199541290657055,0.2398587164605947,0.6901565631668766,0.5351004912468115,0.2425369519618408,0.6506752073764801,0.20832714438438416,0.0,0.1138250045478344,0.09408451616764069,0.140625,0.2579546868801117,0.11964457854628563,0.0,0.4895704686641693,0.22593291848897934,0.0,S1_R_003
0.12166142836213112,0.003103256574831903,0.03765719383955002,0.05214415490627289,0.09331251569092276,0.024142795138888888,0.1479220920138889,0.02934032864868641,0.06413143465364113,0.139856836843697,0.06877408481428503,0.2173577885937233,0.48149063353072363,3.451362786550412,0.13517117010445343,0.07507448598388937,0.22576772100260495,0.17549228985691123,0.13057043387632977,0.348187455534935,0.009739858470857144,0.06777760833501817,0.16328469961881636,0.5005053538084039,0.7487901475694445,0.5251627604166667,0.04180922321975231,0.1121782372084328,0.18892165793329063,0.2243734102672407,0.2531435081553392,0.6654084195210539,5.151812231655667,0.22413383777810453,0.605825453011965,1.1190581139441858,0.3583701401441849,0.36316914545416995,0.9158179759979248,0.11168001964688301,0.0,0.0027571554528549314,0.014731060713529587,0.9658854166666666,0.4632503092288971,0.4360048174858093,0.2439236111111111,0.2938552051782608,0.4013087898492813,0.6045138888888889,S1_R_004
0.09899874031543732,0.005365276010707021,0.0479305237531662,0.07481956109404564,0.1651235006749632,0.0011121961805555555,0.0001220703125,0.06815230473876,0.058042844052935055,0.170806378501661,0.080447496848932,0.2580871133968925,0.4038952594022842,4.181670586140492,0.2682134360595445,0.043465587168501754,0.2131066788539393,0.17120578582128307,0.2289954605416828,0.2763057142496109,0.01151529997587204,0.08104591146111488,0.1676105245947838,0.4886494553089148,0.15501302083333335,0.365966796875,0.07861226573586465,0.07618395829970684,0.20011503138300235,0.21329203624203577,0.32281310219945064,0.47246828962760873,4.898021133788525,0.35187425199013905,0.16603056484963488,0.4209471860087551,0.280703301831046,0.8529012679936134,0.6790336072444916,0.40376244485378265,0.24375,0.04437481611967087,0.0371208768337965,0.36588541666666663,0.0,0.0,1.0,0.0,0.0,1.0,S1_R_005
