ID,path,label,quality_oof_probability,frequency_oof_probability,border_oof_probability,all_oof_probability
S1_O_001,original/000001.mp4,ORIGINAL,0.4477627528618713,0.22216075723037432,0.5096319662889932,0.2747314173121544
S1_O_002,original/000002.mp4,ORIGINAL,0.053277791119895154,0.3514576246790784,0.48017586016429253,0.11555308171800871
S1_O_003,original/000003.mp4,ORIGINAL,0.5665653018271898,0.3530482555489628,0.16026277448392026,0.25207575216282885
S1_O_004,original/000004.mp4,ORIGINAL,1.0,0.14159922787040588,0.7504331431047258,1.0
S1_O_005,original/000005.mp4,ORIGINAL,0.4796177339705174,0.09220855976281261,0.48973308256326553,0.09741109000457127
S1_R_001,rerecorded/000001.mp4,RERECORDED,0.6076828777511538,0.7775108355103689,0.5396355277009681,0.8615964667237005
S1_R_002,rerecorded/000002.mp4,RERECORDED,0.0713968826577019,0.6505113795499383,0.4971094529384409,0.3174313030557675
S1_R_003,rerecorded/000003.mp4,RERECORDED,0.6720514074446254,0.7196905335870032,0.18292295425794108,0.6471736293861511
S1_R_004,rerecorded/000004.mp4,RERECORDED,1.0,0.8958807871005015,0.7608522085374152,1.0
S1_R_005,rerecorded/000005.mp4,RERECORDED,0.5645438030329221,0.669596312047193,0.5094180272134304,0.7060163724531685
