model,variant,ID,label,probability
frequency_clean,clean,S1_O_001,0,0.22216075723037432
frequency_clean,clean,S1_O_002,0,0.3514576246790784
frequency_clean,clean,S1_O_003,0,0.3530482555489628
frequency_clean,clean,S1_O_004,0,0.14159922787040588
frequency_clean,clean,S1_O_005,0,0.09220855976281261
frequency_clean,clean,S1_R_001,1,0.7775108355103689
frequency_clean,clean,S1_R_002,1,0.6505113795499383
frequency_clean,clean,S1_R_003,1,0.7196905335870032
frequency_clean,clean,S1_R_004,1,0.8958807871005015
frequency_clean,clean,S1_R_005,1,0.669596312047193
frequency_clean,jpeg75,S1_O_001,0,0.201293174901571
frequency_clean,jpeg75,S1_O_002,0,0.3398993061069793
frequency_clean,jpeg75,S1_O_003,0,0.321758438270191
frequency_clean,jpeg75,S1_O_004,0,0.15994695736950537
frequency_clean,jpeg75,S1_O_005,0,0.09771567448668184
frequency_clean,jpeg75,S1_R_001,1,0.7961324505153187
frequency_clean,jpeg75,S1_R_002,1,0.5637876000559257
frequency_clean,jpeg75,S1_R_003,1,0.667808484720973
frequency_clean,jpeg75,S1_R_004,1,0.8791280344823913
frequency_clean,jpeg75,S1_R_005,1,0.6377069263253373
frequency_clean,jpeg95,S1_O_001,0,0.23123432612647504
frequency_clean,jpeg95,S1_O_002,0,0.3739431719927234
frequency_clean,jpeg95,S1_O_003,0,0.3646108613835187
frequency_clean,jpeg95,S1_O_004,0,0.1535733889626567
frequency_clean,jpeg95,S1_O_005,0,0.09639335686138385
frequency_clean,jpeg95,S1_R_001,1,0.7720761640470449
frequency_clean,jpeg95,S1_R_002,1,0.5665568944270412
frequency_clean,jpeg95,S1_R_003,1,0.6933605962213258
frequency_clean,jpeg95,S1_R_004,1,0.8733963718159741
frequency_clean,jpeg95,S1_R_005,1,0.6169871433804003
frequency_clean,half_resolution,S1_O_001,0,0.0727155606525799
frequency_clean,half_resolution,S1_O_002,0,0.048822910047746255
frequency_clean,half_resolution,S1_O_003,0,0.24241159833835443
frequency_clean,half_resolution,S1_O_004,0,0.09265272924736284
frequency_clean,half_resolution,S1_O_005,0,0.03749660542785276
frequency_clean,half_resolution,S1_R_001,1,0.05250070458763798
frequency_clean,half_resolution,S1_R_002,1,0.0392408289390923
frequency_clean,half_resolution,S1_R_003,1,0.17095304200653677
frequency_clean,half_resolution,S1_R_004,1,0.09205159265506492
frequency_clean,half_resolution,S1_R_005,1,0.03999931100447765
frequency_augmented,clean,S1_O_001,0,0.18530582892576955
frequency_augmented,clean,S1_O_002,0,0.30934578220409154
frequency_augmented,clean,S1_O_003,0,0.41155147834331113
frequency_augmented,clean,S1_O_004,0,0.133550537253996
frequency_augmented,clean,S1_O_005,0,0.29535263916982923
frequency_augmented,clean,S1_R_001,1,0.7446437587172301
frequency_augmented,clean,S1_R_002,1,0.7657284645070283
frequency_augmented,clean,S1_R_003,1,0.773993377702628
frequency_augmented,clean,S1_R_004,1,0.9649195613491103
frequency_augmented,clean,S1_R_005,1,0.7757916343283344
frequency_augmented,jpeg75,S1_O_001,0,0.19625792372008613
frequency_augmented,jpeg75,S1_O_002,0,0.37240048773335777
frequency_augmented,jpeg75,S1_O_003,0,0.40533517770553773
frequency_augmented,jpeg75,S1_O_004,0,0.15155784241698095
frequency_augmented,jpeg75,S1_O_005,0,0.3160672237194561
frequency_augmented,jpeg75,S1_R_001,1,0.7873475766913863
frequency_augmented,jpeg75,S1_R_002,1,0.712466233115193
frequency_augmented,jpeg75,S1_R_003,1,0.7584073544898092
frequency_augmented,jpeg75,S1_R_004,1,0.9588958071604117
frequency_augmented,jpeg75,S1_R_005,1,0.7837337942533792
frequency_augmented,jpeg95,S1_O_001,0,0.21153280180899722
frequency_augmented,jpeg95,S1_O_002,0,0.38575490908619847
frequency_augmented,jpeg95,S1_O_003,0,0.4388602497734178
frequency_augmented,jpeg95,S1_O_004,0,0.1435726198621851
frequency_augmented,jpeg95,S1_O_005,0,0.32037426746662107
frequency_augmented,jpeg95,S1_R_001,1,0.7588146730409411
frequency_augmented,jpeg95,S1_R_002,1,0.7715508226111107
frequency_augmented,jpeg95,S1_R_003,1,0.7791688522286967
frequency_augmented,jpeg95,S1_R_004,1,0.9631415733262604
frequency_augmented,jpeg95,S1_R_005,1,0.7663656796349578
frequency_augmented,half_resolution,S1_O_001,0,0.3554544124670407
frequency_augmented,half_resolution,S1_O_002,0,0.23316709762217339
frequency_augmented,half_resolution,S1_O_003,0,0.4458749188807782
frequency_augmented,half_resolution,S1_O_004,0,0.4118212620151224
frequency_augmented,half_resolution,S1_O_005,0,0.5618896470904922
frequency_augmented,half_resolution,S1_R_001,1,0.30415663472160037
frequency_augmented,half_resolution,S1_R_002,1,0.2145163623550765
frequency_augmented,half_resolution,S1_R_003,1,0.3534134722719825
frequency_augmented,half_resolution,S1_R_004,1,0.36211665874242976
frequency_augmented,half_resolution,S1_R_005,1,0.5489729993283312
all_clean,clean,S1_O_001,0,0.2747314173121544
all_clean,clean,S1_O_002,0,0.11555308171800871
all_clean,clean,S1_O_003,0,0.25207575216282885
all_clean,clean,S1_O_004,0,1.0
all_clean,clean,S1_O_005,0,0.09741109000457127
all_clean,clean,S1_R_001,1,0.8615964667237005
all_clean,clean,S1_R_002,1,0.3174313030557675
all_clean,clean,S1_R_003,1,0.6471736293861511
all_clean,clean,S1_R_004,1,1.0
all_clean,clean,S1_R_005,1,0.7060163724531685
all_clean,jpeg75,S1_O_001,0,0.24317700631553285
all_clean,jpeg75,S1_O_002,0,0.11236806093472593
all_clean,jpeg75,S1_O_003,0,0.22546940900835227
all_clean,jpeg75,S1_O_004,0,1.0
all_clean,jpeg75,S1_O_005,0,0.10269507765151131
all_clean,jpeg75,S1_R_001,1,0.8691573562987917
all_clean,jpeg75,S1_R_002,1,0.24949462162826921
all_clean,jpeg75,S1_R_003,1,0.5912398904214208
all_clean,jpeg75,S1_R_004,1,1.0
all_clean,jpeg75,S1_R_005,1,0.6764646257533402
all_clean,jpeg95,S1_O_001,0,0.27712225461380674
all_clean,jpeg95,S1_O_002,0,0.12819032680441944
all_clean,jpeg95,S1_O_003,0,0.26030684732580794
all_clean,jpeg95,S1_O_004,0,1.0
all_clean,jpeg95,S1_O_005,0,0.10175072368658733
all_clean,jpeg95,S1_R_001,1,0.8564624464774426
all_clean,jpeg95,S1_R_002,1,0.25538012125725834
all_clean,jpeg95,S1_R_003,1,0.6200218808891236
all_clean,jpeg95,S1_R_004,1,1.0
all_clean,jpeg95,S1_R_005,1,0.6584780751889769
all_clean,half_resolution,S1_O_001,0,0.30704176693881297
all_clean,half_resolution,S1_O_002,0,0.1066469937998699
all_clean,half_resolution,S1_O_003,0,0.24081328380950595
all_clean,half_resolution,S1_O_004,0,1.0
all_clean,half_resolution,S1_O_005,0,0.13825884268261493
all_clean,half_resolution,S1_R_001,1,0.267890992032657
all_clean,half_resolution,S1_R_002,1,0.10136366175766172
all_clean,half_resolution,S1_R_003,1,0.18858536346807356
all_clean,half_resolution,S1_R_004,1,1.0
all_clean,half_resolution,S1_R_005,1,0.1586252030558382
all_augmented,clean,S1_O_001,0,0.3601421088433836
all_augmented,clean,S1_O_002,0,0.01654050411041304
all_augmented,clean,S1_O_003,0,0.026040631342775622
all_augmented,clean,S1_O_004,0,0.9997645541642869
all_augmented,clean,S1_O_005,0,0.2911232413747093
all_augmented,clean,S1_R_001,1,0.9404307581642655
all_augmented,clean,S1_R_002,1,0.11226998142452148
all_augmented,clean,S1_R_003,1,0.17876478226289166
all_augmented,clean,S1_R_004,1,0.9999996524832682
all_augmented,clean,S1_R_005,1,0.8739086327463015
all_augmented,jpeg75,S1_O_001,0,0.3089918650633913
all_augmented,jpeg75,S1_O_002,0,0.0198677003628643
all_augmented,jpeg75,S1_O_003,0,0.02352360686540403
all_augmented,jpeg75,S1_O_004,0,0.9997911439573044
all_augmented,jpeg75,S1_O_005,0,0.30333414844691886
all_augmented,jpeg75,S1_R_001,1,0.9433794994425914
all_augmented,jpeg75,S1_R_002,1,0.08867868328613544
all_augmented,jpeg75,S1_R_003,1,0.1574171885235447
all_augmented,jpeg75,S1_R_004,1,0.9999995708341213
all_augmented,jpeg75,S1_R_005,1,0.8713011162699811
all_augmented,jpeg95,S1_O_001,0,0.3371286191395334
all_augmented,jpeg95,S1_O_002,0,0.02238645496381637
all_augmented,jpeg95,S1_O_003,0,0.02697334532277404
all_augmented,jpeg95,S1_O_004,0,0.9997751494892821
all_augmented,jpeg95,S1_O_005,0,0.3088617423842886
all_augmented,jpeg95,S1_R_001,1,0.935966302777533
all_augmented,jpeg95,S1_R_002,1,0.10380142333610305
all_augmented,jpeg95,S1_R_003,1,0.17391498400276256
all_augmented,jpeg95,S1_R_004,1,0.9999996176944685
all_augmented,jpeg95,S1_R_005,1,0.8642078565258715
all_augmented,half_resolution,S1_O_001,0,0.6060902878611234
all_augmented,half_resolution,S1_O_002,0,0.01756638420945128
all_augmented,half_resolution,S1_O_003,0,0.045017415490352895
all_augmented,half_resolution,S1_O_004,0,0.9999996215799936
all_augmented,half_resolution,S1_O_005,0,0.699840405769184
all_augmented,half_resolution,S1_R_001,1,0.6233459536059114
all_augmented,half_resolution,S1_R_002,1,0.022249146863063382
all_augmented,half_resolution,S1_R_003,1,0.041933429390464655
all_augmented,half_resolution,S1_R_004,1,0.9999999851897368
all_augmented,half_resolution,S1_R_005,1,0.736920652972243
