route,rows,baseline_stage3,baseline_accel,baseline_steer,source_equal_stage3,source_equal_accel,source_equal_steer,delta
Chunk_3/99c94dc769b5d96e|2018-05-01--08-13-53,600,0.3935264447368251,0.30301689128096043,0.6047154028005092,0.43903508439134015,0.33198008640812204,0.6888300796855158,0.04550863965451507
Chunk_3/99c94dc769b5d96e|2018-05-01--10-47-27,600,0.38564808894392,0.23827431087767298,0.7295202377651631,0.35999013107052613,0.19950741173751066,0.734449809514229,-0.025657957873393866
Chunk_3/99c94dc769b5d96e|2018-05-01--11-24-52,594,0.500802271449902,0.5062043129572218,0.4881975079328225,0.51826106519135,0.5129541422185737,0.5306438854611613,0.017458793741447987
Chunk_3/99c94dc769b5d96e|2018-05-02--11-32-52,600,0.6241565710835435,0.6236967431162275,0.6252295030072808,0.6113960471483549,0.6170675445467644,0.5981625532187329,-0.012760523935188561
Chunk_3/99c94dc769b5d96e|2018-05-02--11-42-52,595,0.5017852356516929,0.43266489669404606,0.6630660265528686,0.49101085287494073,0.4229894400977252,0.6497274826884435,-0.010774382776752134
Chunk_3/99c94dc769b5d96e|2018-05-02--16-01-39,600,0.36275763835994823,0.18224792913839358,0.7839469598769092,0.4006076652526672,0.21709962477663197,0.8287930930300829,0.03785002689271899
Chunk_3/99c94dc769b5d96e|2018-05-02--19-07-03,600,0.5299679310544241,0.46344251653757057,0.6851938982604159,0.5203645244820233,0.4638319963965823,0.6522737566813858,-0.009603406572400774
Chunk_3/99c94dc769b5d96e|2018-05-02--20-07-13,600,0.41414247956249306,0.34425253556684066,0.5772190155523488,0.4329526522979956,0.3738920011758312,0.5707608382497126,0.01881017273550256
Chunk_3/99c94dc769b5d96e|2018-05-03--08-13-12,601,0.42947083594660107,0.42198051127041103,0.4469482601910446,0.48390342090991506,0.43654534655462396,0.5944055944055945,0.05443258496331399
Chunk_3/99c94dc769b5d96e|2018-05-03--09-25-46,600,0.41364820655528867,0.21374045801526717,0.8800996198153389,0.4062538253683177,0.2090203685741998,0.8664652245545928,-0.007394381186970944
Chunk_3/99c94dc769b5d96e|2018-05-05--11-09-01,600,0.3792421742797716,0.20733264934357923,0.7803643991308871,0.3890185888412039,0.2029471544715447,0.8231852690370752,0.0097764145614323
Chunk_3/99c94dc769b5d96e|2018-05-05--16-36-30,600,0.4100349688477608,0.18883576121638643,0.9261664533209677,0.39998102477701947,0.1827354002438396,0.9068874820211058,-0.010053944070741339
